Data_da_Coleta;Nome_da_Maquina;Uso_de_Cpu;Uso_de_RAM;RAM_total_(bytes);RAM_usada_(bytes);Uso_de_Disco;Disco_total_(bytes);Disco_usado_(bytes);Disco_livre_(bytes);Disco_taxa_leitura_mbs;Disco_taxa_escrita_mbs;Disco_latencia_leitura;Disco_latencia_escrita;Net_bytes_enviados;Net_bytes_recebidos;Net_Down_(Mbps);Net_Up_(Mbps);Pacotes_IN_(intervalo);Pacotes_OUT_(intervalo);Conexões_TCP_ESTABLISHED;Latencia_(ms);Perda_de_Pacotes_(%);Uptime_(s)
2025-11-26 18:09:56;DESKTOP-J1U1KVK;28.3;90.2;8459812864;7627915264;63.5;239447568384;152153620480;87293947904;73.84215501028302;0.0;0.0;0;71583822;526923699;0.0;0.0;0;0;33;25.183800000377232;0.0;3315
2025-11-26 18:09:57;DESKTOP-J1U1KVK;15.0;90.7;8459812864;7676694528;63.5;239447568384;152153624576;87293943808;15.262082395488774;0.15840727138910118;0.0;0.0;71593654;526930139;0.04621412406607084;0.07108650822958039;24;25;33;6.54530000019804;0.0;3316
2025-11-26 18:09:58;DESKTOP-J1U1KVK;6.9;90.8;8459812864;7682224128;63.5;239447568384;152153624576;87293943808;0.4139038801809474;0.054168628614285064;0.0;0.0;71594366;526931633;0.01133664466049924;0.00484121773319847;12;9;33;7.470900000043912;0.0;3317
2025-11-26 18:09:59;DESKTOP-J1U1KVK;7.9;90.8;8459812864;7680028672;63.5;239447568384;152153624576;87293943808;0.2073898281238472;0.0;0.0;0;71595098;526932821;0.009015808400410911;0.005555195075000662;11;11;32;6.302099999629718;0.0;3318
2025-11-26 18:10:00;DESKTOP-J1U1KVK;6.3;90.8;8459812864;7681327104;63.5;239447568384;152153624576;87293943808;0.37080745512596064;0.023638975264279993;0.0;0.0;71595626;526933699;0.006662457733612347;0.004006580504951389;7;8;32;6.5938000002461195;0.0;3319
2025-11-26 18:10:01;DESKTOP-J1U1KVK;5.3;90.7;8459812864;7670263808;63.5;239447568384;152153624576;87293943808;2.3742637408145097;0.01298425483257935;0.0;0.0;71596952;526935542;0.013988568349157559;0.01006448270807538;16;15;31;18.85020000008808;0.0;3320
2025-11-26 18:10:03;DESKTOP-J1U1KVK;5.5;90.7;8459812864;7673032704;63.5;239447568384;152153624576;87293943808;0.05864875336676667;0.03161534361177266;0.0;0.0;71598254;526938298;0.02069733341594077;0.009777912956297128;16;18;31;6.483699999989767;0.0;3321
2025-11-26 18:10:04;DESKTOP-J1U1KVK;5.4;90.7;8459812864;7672913920;63.5;239447568384;152153624576;87293943808;1.0478384599676436;0.00975381545182647;0.0;0.0;71598853;526939819;0.020050321444297237;0.004551020289933325;14;9;31;7.703899999796704;0.0;3322
2025-11-26 18:10:05;DESKTOP-J1U1KVK;5.7;90.7;8459812864;7672569856;63.5;239447568384;152153624576;87293943808;0.2632297398698322;0.10380891149796201;0.0;0.0;71599381;526948405;0.05665511766103401;0.004005610889799941;24;8;31;8.368400000108522;0.0;3323
2025-11-26 18:10:06;DESKTOP-J1U1KVK;3.2;90.7;8459812864;7669968896;63.5;239447568384;152153624576;87293943808;0.848429057352903;0.535825556417745;0.0;0.0;71599909;526949587;0.00898363934488313;0.004012996255582312;8;8;31;7.388300000002346;0.0;3324
2025-11-26 18:10:07;DESKTOP-J1U1KVK;5.8;90.6;8459812864;7666081792;63.5;239447568384;152153624576;87293943808;0.5600587609793309;0.021326740898219555;0.0;0.0;71601143;526950899;0.00997245318832647;0.009379578684752183;12;14;31;7.204999999885331;0.0;3325
2025-11-26 18:10:08;DESKTOP-J1U1KVK;6.3;90.6;8459812864;7665717248;63.5;239447568384;152153624576;87293943808;0.26226595735655167;0.010472425380556752;0.0;0.0;71603047;526952055;0.008621863864611992;0.014200716953478576;15;18;31;10.289599999850907;0.0;3326
2025-11-26 18:10:10;DESKTOP-J1U1KVK;8.1;90.6;8459812864;7665680384;63.5;239447568384;152153624576;87293943808;1.868179027693521;0.007090297485124773;0.0;0.0;71610638;526960943;0.03329840709569312;0.02843926735636887;37;28;32;6.495800000266172;0.0;3328
2025-11-26 18:10:11;DESKTOP-J1U1KVK;10.6;90.6;8459812864;7665995776;63.5;239447568384;152153624576;87293943808;0.2370188115194202;0.007406837859981881;0.0;0.0;71611241;526961757;0.006177857598296222;0.0045764719063545725;8;9;32;6.402399999842601;0.0;3329
2025-11-26 18:26:50;DESKTOP-J1U1KVK;33.5;85.4;8459812864;7221219328;66.0;239447568384;158054051840;81393516544;59.199060399693394;0.0;0.0;0;82061454;555208679;0.0;0.0;0;0;33;15.94810000005964;0.0;4329
2025-11-26 18:26:51;DESKTOP-J1U1KVK;14.5;85.4;8459812864;7225237504;66.0;239447568384;158054187008;81393381376;4.887649203885254;0.2901667931247024;0.0;0.0;82080983;555221014;0.08972441747092876;0.1420533562050886;33;33;31;6.421899999622838;0.0;4330
2025-11-26 18:27:06;DESKTOP-J1U1KVK;18.4;88.2;8459812864;7462756352;66.0;239447568384;158054203392;81393364992;0.0;0.0;0;0;82114565;555263039;0.0;0.0;0;0;31;15.209000000140804;0.0;4345
2025-11-26 18:27:08;DESKTOP-J1U1KVK;20.5;84.5;8459812864;7145111552;66.0;239447568384;158054203392;81393364992;2.9746543583843486;232.59281883367584;0.0;0.0012953367875647669;82121859;555264707;0.01244754870322284;0.05443190661948885;20;23;32;17.3053999997137;0.0;4346
2025-11-26 18:27:09;DESKTOP-J1U1KVK;13.1;84.8;8459812864;7175958528;66.0;239447568384;158054203392;81393364992;1.3107221953227781;0.21722643124731433;0.0;0.0;82128622;555271503;0.05117212188581839;0.05092364042286489;21;21;31;6.79020000006858;0.0;4347
2025-11-26 18:27:10;DESKTOP-J1U1KVK;6.3;84.8;8459812864;7177232384;66.0;239447568384;158054203392;81393364992;0.11889535373134281;0.0738451611065762;0.0;0.0;82129424;555272593;0.008297159336192161;0.00610488237396891;11;11;31;27.729399999770976;0.0;4348
2025-11-26 18:27:11;DESKTOP-J1U1KVK;6.5;84.8;8459812864;7176511488;66.0;239447568384;158054203392;81393364992;0.23383297516359677;0.33385137664958836;0.0;0.0;82130100;555281542;0.06701894863606614;0.005062555512122105;30;10;31;7.039099999929022;0.0;4349
2025-11-26 18:27:12;DESKTOP-J1U1KVK;14.0;84.8;8459812864;7177322496;66.0;239447568384;158054203392;81393364992;0.16753424286739363;0.11727397000717553;0.0;0.0;82143455;555392373;0.8450112534991123;0.10182282295098524;87;74;38;31.25640000052954;0.0;4350
2025-11-26 18:27:13;DESKTOP-J1U1KVK;15.0;84.9;8459812864;7182655488;66.0;239447568384;158055251968;81392316416;0.5973132223718995;0.09535421923406831;0.0;0.0;82144145;555396452;0.030062539700521862;0.005085352388663909;13;11;38;6.7088999994666665;0.0;4351
2025-11-26 18:27:14;DESKTOP-J1U1KVK;14.3;84.9;8459812864;7182729216;66.0;239447568384;158055251968;81392316416;0.39477219362208005;0.044691191730801515;0.0;0.0;82145693;555397731;0.009750945861768586;0.011801770284611235;15;19;38;6.766299999981129;0.0;4352
2025-11-26 18:27:15;DESKTOP-J1U1KVK;10.0;84.9;8459812864;7180734464;66.0;239447568384;158055186432;81392381952;0.022225956446315476;0.08010605135859536;0.0;0.0;82146528;555398534;0.006087621186209026;0.006747176657193067;10;13;38;6.859900000563357;0.0;4353
2025-11-26 18:27:16;DESKTOP-J1U1KVK;12.4;84.9;8459812864;7183503360;66.0;239447568384;158055206912;81392361472;4.3930923450078945;0.04320617471295835;0.0;0.0;82147240;555399530;0.007583291291177241;0.005002231303517518;11;10;38;29.49369999987539;0.0;4354
2025-11-26 18:27:17;DESKTOP-J1U1KVK;25.0;85.1;8459812864;7198658560;66.0;239447568384;158055206912;81392361472;1.636255596631225;0.3031778898625334;0.0;0.0;82148041;555401672;0.01590043447825345;0.005945960792288054;10;12;37;8.485499999551394;0.0;4355
2025-11-26 18:27:18;DESKTOP-J1U1KVK;6.4;85.0;8459812864;7194509312;66.0;239447568384;158055206912;81392361472;0.35697915670086694;0.0;0.0;0;82149375;555403136;0.011141061804455378;0.0101517598682674;13;15;31;16.232799999670533;0.0;4356
2025-11-26 18:27:19;DESKTOP-J1U1KVK;18.4;85.1;8459812864;7199158272;66.0;239447568384;158055272448;81392295936;7.259129080731715;0.19831925924159288;0.0;0.0;82158133;555404329;0.008984779252994294;0.0659586728396681;15;24;31;7.135699999707867;0.0;4357
2025-11-26 18:27:20;DESKTOP-J1U1KVK;13.3;85.1;8459812864;7198785536;66.0;239447568384;158055272448;81392295936;0.18142349476980854;0.024066381959260315;0.0;0.0;82177873;555405429;0.008355232587838409;0.14993844662175473;15;33;31;6.446000000323693;0.0;4358
2025-11-26 18:27:21;DESKTOP-J1U1KVK;11.5;85.1;8459812864;7197970432;66.0;239447568384;158055272448;81392295936;0.1970031775526898;0.1300964380064933;0.0;0.0;82182249;555406455;0.0078037538451833305;0.03328384680947588;11;12;31;5.816500000037195;0.0;4359
2025-11-26 18:27:22;DESKTOP-J1U1KVK;13.4;85.1;8459812864;7200120832;66.0;239447568384;158055272448;81392295936;0.7584537071741283;0.0;0.0;0;82200612;555420807;0.10899145314723079;0.13945164814260025;37;39;31;19.316900000376336;0.0;4360
2025-11-26 18:27:23;DESKTOP-J1U1KVK;17.8;85.3;8459812864;7213649920;66.0;239447568384;158066044928;81381523456;10.29485353428103;30.451324969089466;0.0;0.0;82201404;555421457;0.0048961014321577635;0.00596571128349069;9;10;31;20.32249999956548;0.0;4361
2025-11-26 18:27:24;DESKTOP-J1U1KVK;20.6;85.2;8459812864;7210885120;66.0;239447568384;158066044928;81381523456;0.19509416018650766;0.06717864949818424;0.0;0.0;82211097;555422725;0.009556540351508965;0.07305326942206342;17;30;31;6.149499999992258;0.0;4362
2025-11-26 18:27:26;DESKTOP-J1U1KVK;20.0;85.1;8459812864;7201972224;66.0;239447568384;158066044928;81381523456;0.3086364957828623;0.01208516399149762;0.0;0.0;82211924;555423654;0.00705136719862069;0.03502912768744293;12;16;31;7.092199999533477;0.0;4364
2025-11-26 18:27:27;DESKTOP-J1U1KVK;20.3;85.2;8459812864;7209742336;66.0;239447568384;158066044928;81381523456;5.979944093510318;0.6242238603501549;0.0;0.0;82220344;555426544;0.022032283775815013;0.035312643062136724;17;15;31;30.599400000028254;0.0;4365
2025-11-26 18:27:28;DESKTOP-J1U1KVK;20.1;85.3;8459812864;7219228672;66.0;239447568384;158066044928;81381523456;0.4938432034895175;0.0;0.0;0;82221214;555427302;0.005357994244043202;0.0061496767708675276;10;12;31;7.365399999798683;0.0;4366
2025-11-26 18:27:29;DESKTOP-J1U1KVK;20.1;85.4;8459812864;7225118720;66.0;239447568384;158066044928;81381523456;0.6259461427763708;0.13040544641174392;0.0;0.0;82221899;555435762;0.06432081336179774;0.00520800911972003;30;10;31;6.6790999999284395;0.0;4367
2025-11-26 18:27:30;DESKTOP-J1U1KVK;18.0;85.5;8459812864;7229702144;66.0;239447568384;158066044928;81381523456;0.2781761755147158;0.009272539183823859;0.0;0.0;82222579;555436344;0.0043421109690997125;0.005073256802384544;8;9;31;6.6196999996464;0.0;4368
2025-11-26 18:27:31;DESKTOP-J1U1KVK;11.9;85.4;8459812864;7228743680;66.0;239447568384;158066044928;81381523456;0.3249926594017842;0.09311587432298311;0.0;0.0;82223480;555437649;0.009869800876767632;0.00681432229116294;12;12;31;7.3517000000720145;0.0;4369
2025-11-26 18:27:32;DESKTOP-J1U1KVK;7.5;85.4;8459812864;7227699200;66.0;239447568384;158066044928;81381523456;0.297985950484728;0.12737979673498404;0.0;0.0;82224082;555438149;0.003779478396076326;0.004550491988875897;7;9;31;6.4431999999214895;0.0;4370
2025-11-26 18:27:33;DESKTOP-J1U1KVK;7.3;85.4;8459812864;7225761792;66.0;239447568384;158066106368;81381462016;0.34253466021843;0.27179380647766727;0.0;0.0;82224608;555438499;0.002669399114444213;0.004011725526279018;5;8;31;5.93010000011418;0.0;4371
2025-11-26 18:27:34;DESKTOP-J1U1KVK;13.0;85.4;8459812864;7227895808;66.0;239447568384;158066106368;81381462016;0.5681518208393345;0.05072784114636915;0.0;0.0;82225560;555439135;0.00481752670754327;0.007211140606259738;9;13;31;6.699300000036601;0.0;4372
2025-11-26 18:27:35;DESKTOP-J1U1KVK;6.6;85.4;8459812864;7227699200;66.0;239447568384;158066106368;81381462016;0.759658936645945;0.01019054671110414;0.0;0.0;82226162;555439681;0.0041388634158026315;0.004563362227679825;8;9;31;6.389400000443857;0.0;4373
2025-11-26 18:27:36;DESKTOP-J1U1KVK;24.5;86.7;8459812864;7336837120;66.0;239447568384;158066106368;81381462016;45.32416953137348;0.14422928748267866;0.0;0.0;82227230;555441621;0.014678842160929089;0.008080929601996014;15;14;31;13.753299999734736;0.0;4374
2025-11-26 18:27:37;DESKTOP-J1U1KVK;20.9;87.5;8459812864;7402188800;66.0;239447568384;158066106368;81381462016;100.31065428679084;0.34605873549164956;0.00038402457757296467;0.0;82228317;555443073;0.01065559521947486;0.007977019286204664;14;15;31;12.742900000375812;0.0;4375
2025-11-26 18:27:38;DESKTOP-J1U1KVK;22.0;87.5;8459812864;7406428160;66.0;239447568384;158066106368;81381462016;1.6713381292976914;0.10376685405407851;0.0;0.0;82234446;555446845;0.028351999621159567;0.046068241165982765;20;20;31;17.305600000327104;0.0;4376
2025-11-26 18:27:39;DESKTOP-J1U1KVK;12.0;87.3;8459812864;7387148288;66.0;239447568384;158066106368;81381462016;5.021102018083092;0.0475067876528968;0.0;0.0;82235122;555447405;0.004213229672837507;0.0050859701050681334;8;10;31;17.38389999991341;0.0;4377
2025-11-26 18:27:40;DESKTOP-J1U1KVK;18.1;85.6;8459812864;7241555968;66.0;239447568384;158066110464;81381457920;25.00930635225513;147.24730391351306;0.0;0.0019455252918287938;82235998;555448116;0.005383994372930236;0.006633444543863413;9;11;31;8.525700000063807;0.0;4378
2025-11-26 18:27:41;DESKTOP-J1U1KVK;14.4;85.8;8459812864;7258132480;66.0;239447568384;158066110464;81381457920;10.728624563858247;0.1684445885629918;0.0;0.0;82337222;555481931;0.2604513845891537;0.7682538321951451;128;91;34;6.49150000026566;0.0;4380
2025-11-26 18:27:43;DESKTOP-J1U1KVK;9.3;85.8;8459812864;7259488256;66.0;239447568384;158066733056;81380835328;2.9845300989312467;0.24902056865304298;0.0;0.0;82342964;555484955;0.018947046636661795;0.04303945737593143;23;16;34;30.316800000036892;0.0;4381
2025-11-26 18:27:44;DESKTOP-J1U1KVK;9.4;85.9;8459812864;7262990336;66.0;239447568384;158066733056;81380835328;0.7463972852564471;0.16271100240191871;0.0;0.0;82344071;555485695;0.005496036308749113;0.008221773234844958;10;13;34;7.348399999500543;0.0;4382
2025-11-26 18:27:45;DESKTOP-J1U1KVK;8.2;85.8;8459812864;7262445568;66.0;239447568384;158066733056;81380835328;1.3370345588288761;0.008845284337656214;0.0;0.0;82344857;555486195;0.0038162815354856063;0.005999194573783373;7;13;34;20.6426000004285;0.0;4383
2025-11-26 18:27:46;DESKTOP-J1U1KVK;9.5;85.8;8459812864;7261417472;66.0;239447568384;158066733056;81380835328;1.2694664596508793;0.008688711359281955;0.0;0.0;82345556;555490777;0.03674765658408275;0.005229359110804935;22;9;34;7.556900000054156;0.0;4384
2025-11-26 18:27:47;DESKTOP-J1U1KVK;11.9;85.8;8459812864;7262113792;66.0;239447568384;158066733056;81380835328;2.0288353657680824;0.0;0.0;0;82346212;555495632;0.03455651957425541;0.005009740738278795;18;10;34;6.373100000018894;0.0;4385
2025-11-26 18:27:48;DESKTOP-J1U1KVK;6.9;85.9;8459812864;7267250176;66.0;239447568384;158066733056;81380835328;0.43469596285435713;0.00928837527466575;0.0;0.0;82347078;555496718;0.008256213256620558;0.006583683867618236;15;13;31;10.515599999962433;0.0;4386
2025-11-26 18:27:49;DESKTOP-J1U1KVK;8.6;85.9;8459812864;7268966400;66.0;239447568384;158066733056;81380835328;0.8418785144926728;0.1513332506693134;0.0;0.0;82350693;555499670;0.022535656406825335;0.027597018262423306;15;16;31;7.924800000182586;0.0;4387
2025-11-26 18:27:50;DESKTOP-J1U1KVK;12.3;85.9;8459812864;7265509376;66.0;239447568384;158066733056;81380835328;1.9610663868005376;1.00430087061672;0.0;0.0;82351387;555500170;0.003814650700063646;0.005294735171688341;7;10;31;7.6224999993428355;0.0;4388
2025-11-26 18:27:51;DESKTOP-J1U1KVK;13.2;85.9;8459812864;7265558528;66.0;239447568384;158066733056;81380835328;0.8231869241251748;0.10753342702536067;0.0;0.0;82357047;555501873;0.012910059508132505;0.042907185446876085;14;15;31;38.47909999967669;0.0;4389
2025-11-26 18:27:52;DESKTOP-J1U1KVK;10.2;85.9;8459812864;7267930112;66.0;239447568384;158066733056;81380835328;7.021177277786402;0.19012684876962666;0.0;0.0;82358007;555503013;0.008390109937118608;0.007065355736520933;15;14;31;13.027599999986705;0.0;4390
2025-11-26 18:27:53;DESKTOP-J1U1KVK;18.4;87.5;8459812864;7403675648;66.0;239447568384;158066774016;81380794368;111.36848725448367;0.12794808230697083;0.0004506534474988734;0.0;82358609;555503513;0.003771769119074784;0.004541210019366039;7;9;31;7.2737999998935265;0.0;4391
2025-11-26 18:27:54;DESKTOP-J1U1KVK;14.7;87.7;8459812864;7418925056;66.0;239447568384;158066774016;81380794368;4.531208734556513;0.16552782928277873;0.0;0.0;82359687;555504381;0.006561813101534964;0.008149348529325683;12;15;31;6.60639999932755;0.0;4392
2025-11-26 18:27:55;DESKTOP-J1U1KVK;17.6;87.7;8459812864;7421206528;66.0;239447568384;158066774016;81380794368;1.4827192014713744;0.041688449900788405;0.0;0.0;82365125;555505031;0.004948502740087635;0.04139993523168702;9;12;31;6.622599999900558;0.0;4393
2025-11-26 18:27:56;DESKTOP-J1U1KVK;8.6;87.7;8459812864;7421718528;66.0;239447568384;158066774016;81380794368;0.633663116026959;0.0037056322574675962;0.0;0.0;82365965;555506259;0.009321482601549871;0.006376258457086231;12;11;31;5.819299999529903;0.0;4394
2025-11-26 18:27:57;DESKTOP-J1U1KVK;8.2;87.7;8459812864;7421132800;66.0;239447568384;158066778112;81380790272;0.8787647021412559;0.17102540880280773;0.0;0.0;82366567;555506759;0.003790191307062535;0.004563390333703293;7;9;31;19.262600000729435;0.0;4395
2025-11-26 18:27:58;DESKTOP-J1U1KVK;10.7;87.7;8459812864;7416848384;66.0;239447568384;158066778112;81380790272;1.144441351389171;0.011426131703166642;0.0;0.0;82367305;555507929;0.008767386894387177;0.005530197887228834;11;11;30;21.743700000115496;0.0;4396
2025-11-26 18:27:59;DESKTOP-J1U1KVK;11.9;87.7;8459812864;7422328832;66.0;239447568384;158066778112;81380790272;0.4474719040461935;0.38236840980996456;0.0;0.0;82368152;555510690;0.020770220874489726;0.006371741065082505;12;11;30;24.20689999962633;0.0;4398
2025-11-26 18:28:01;DESKTOP-J1U1KVK;9.4;87.7;8459812864;7420039168;66.0;239447568384;158066778112;81380790272;0.721636793335859;0.004578913663298598;0.0;0.0;82368831;555512182;0.011178263521937723;0.0050871588012035614;10;10;30;6.624200000260316;0.0;4399
2025-11-26 18:28:02;DESKTOP-J1U1KVK;10.6;87.8;8459812864;7430664192;66.0;239447568384;158066778112;81380790272;0.43001749394184535;0.12233256293173188;0.0;0.0;82369584;555513195;0.007694107210133636;0.0057193116774241146;10;10;30;6.127100000412611;0.0;4400
2025-11-26 18:28:03;DESKTOP-J1U1KVK;5.2;87.8;8459812864;7431426048;66.0;239447568384;158066778112;81380790272;0.390363233568776;0.008829644568817551;0.0;0.0;82370186;555513755;0.004262173929421598;0.004581836974128218;8;9;30;14.923300000191375;0.0;4401
2025-11-26 18:28:04;DESKTOP-J1U1KVK;13.5;87.8;8459812864;7426514944;66.0;239447568384;158066778112;81380790272;0.8967790284729947;0.005512985830776607;0.0;0.0;82370978;555516404;0.019953509603146114;0.005965715215436664;15;10;30;14.425999999730266;0.0;4402
2025-11-26 18:28:05;DESKTOP-J1U1KVK;22.2;87.8;8459812864;7431811072;66.0;239447568384;158066778112;81380790272;13.525976730645562;0.009234009237196588;0.0;0.0;82371644;555523491;0.05356483034673843;0.005033748696335233;23;11;30;6.583800000043993;0.0;4403
2025-11-26 18:28:06;DESKTOP-J1U1KVK;11.4;87.9;8459812864;7439478784;66.0;239447568384;158066819072;81380749312;1.7496366818140596;0.052006185871330865;0.0;0.0;82372198;555524771;0.009743343769043119;0.004217040975038974;9;8;30;10.351599999921746;0.0;4404
2025-11-26 18:28:07;DESKTOP-J1U1KVK;16.9;87.9;8459812864;7440330752;66.0;239447568384;158066819072;81380749312;8.162183002105772;0.053139212253292795;0.0;0.0;82373137;555525988;0.009222583393764803;0.007115863440217873;10;12;30;8.844199999657576;0.0;4405
2025-11-26 18:28:08;DESKTOP-J1U1KVK;10.6;87.9;8459812864;7439060992;66.0;239447568384;158066819072;81380749312;0.8598669257736269;0.07119028119229703;0.0;0.0;82382583;555534141;0.06211113879056288;0.07196146412555587;22;25;31;6.284399999458401;0.0;4406
2025-11-26 18:28:09;DESKTOP-J1U1KVK;24.3;88.0;8459812864;7442079744;66.0;239447568384;158066819072;81380749312;1.5145086363811457;0.1846735408332402;0.0;0.0;82383498;555535539;0.010620702373709054;0.006951318077213008;14;13;30;7.430399999975634;0.0;4407
2025-11-26 18:28:10;DESKTOP-J1U1KVK;6.4;88.0;8459812864;7443046400;66.0;239447568384;158066819072;81380749312;1.2163665741988918;0.11866990967794067;0.0;0.0;82384026;555536023;0.003643738373938041;0.0039749873170233175;7;8;30;35.56300000036572;0.0;4408
2025-11-26 18:28:11;DESKTOP-J1U1KVK;13.3;88.3;8459812864;7467016192;66.0;239447568384;158066819072;81380749312;5.850072605494986;0.4320271536745691;0.0;0.0;82384643;555538335;0.016904387664699927;0.004511248784221391;9;9;30;6.987299999309471;0.0;4409
2025-11-26 18:28:13;DESKTOP-J1U1KVK;9.2;87.7;8459812864;7422599168;66.0;239447568384;158066819072;81380749312;1.8706490736139432;0.018931972657680346;0.0;0.0;82409925;555548097;0.03402621102262878;0.08812237933559731;50;34;31;33.607499999561696;0.0;4412
2025-11-26 18:28:15;DESKTOP-J1U1KVK;12.3;87.7;8459812864;7422369792;66.0;239447568384;158066819072;81380749312;0.27552275773897195;0.043503593327206096;0.0;0.0;82410891;555548991;0.006642913668130602;0.007177913426637765;11;15;31;9.04160000027332;0.0;4413
2025-11-26 18:28:16;DESKTOP-J1U1KVK;10.0;87.8;8459812864;7424720896;66.0;239447568384;158066823168;81380745216;0.13411149951385015;0.011175958292820845;0.0;0.0;82411417;555549753;0.006370298559167255;0.0051511026626759136;10;10;31;6.063900000299327;0.0;4414
2025-11-26 18:28:17;DESKTOP-J1U1KVK;21.2;88.7;8459812864;7507783680;66.0;239447568384;158066843648;81380724736;17.84603850766803;0.08191166455468962;0.0;0.0;82424155;555615949;0.5038538682209093;0.0958141351919271;72;64;40;6.604799999877287;0.0;4415
2025-11-26 18:28:18;DESKTOP-J1U1KVK;33.7;88.7;8459812864;7507447808;66.0;239447568384;158066843648;81380724736;1.6030553093254012;0.25335644256579615;0.0;0.0;82437053;555777881;1.2229458561535456;0.09745304929424824;101;81;39;6.646099999670696;0.0;4416
2025-11-26 18:28:19;DESKTOP-J1U1KVK;25.5;87.9;8459812864;7439462400;66.0;239447568384;158066843648;81380724736;2.812582524677303;1.8305433246663354;0.0;0.0;82438439;555780969;0.023428378666853503;0.01051545752339992;19;17;37;7.313899999644491;0.0;4417
2025-11-26 18:28:20;DESKTOP-J1U1KVK;39.7;90.0;8459812864;7614611456;66.0;239447568384;158066851840;81380716544;3.519756357173978;18.28828028502598;0.0;0.0;82443351;555804364;0.17642837367181036;0.037042794249879565;32;25;38;30.353199999808567;0.0;4418
2025-11-26 18:28:21;DESKTOP-J1U1KVK;37.1;86.2;8459812864;7294685184;66.0;239447568384;158066855936;81380712448;1.826461155684092;5.163204645962417;0.0;0.0;82444008;555805234;0.006420218818771485;0.00484837214245157;9;10;38;19.072099999903003;0.0;4419
2025-11-26 18:28:22;DESKTOP-J1U1KVK;12.2;86.2;8459812864;7290114048;66.0;239447568384;158066855936;81380712448;0.7528006711439654;2.2671234846219788;0.0;0.0;82444843;555815167;0.07469924164252476;0.006279459052804608;31;12;38;28.811600000153703;0.0;4420
2025-11-26 18:28:23;DESKTOP-J1U1KVK;24.0;86.2;8459812864;7288229888;66.0;239447568384;158066855936;81380712448;1.6467599492995788;2.3713343269913936;0.0;0.0;82445553;555815727;0.004199832925394545;0.005324788173268084;8;11;37;7.132099999580532;0.0;4421
2025-11-26 18:28:24;DESKTOP-J1U1KVK;18.3;86.0;8459812864;7278493696;66.0;239447568384;158066855936;81380712448;0.7153433323705413;7.3061889311387045;0.0;0.0;82453759;555817103;0.010503406880397815;0.06263877678818638;18;49;31;23.01270000043587;0.0;4422
2025-11-26 18:28:25;DESKTOP-J1U1KVK;11.7;86.0;8459812864;7278346240;66.0;239447568384;158066860032;81380708352;0.7040192357488695;0.024166463403296687;0.0;0.0;82465070;555818369;0.00945325942840785;0.08445957140183347;17;45;31;17.749699999512814;0.0;4423
2025-11-26 18:28:26;DESKTOP-J1U1KVK;22.6;86.1;8459812864;7280615424;66.0;239447568384;158066860032;81380708352;3.4669517327931247;0.011088331767995068;0.013333333333333334;0.0;82466349;555819411;0.007868998543446533;0.009658780361869592;11;16;31;17.813899999964633;0.0;4424
2025-11-26 18:28:27;DESKTOP-J1U1KVK;14.5;86.0;8459812864;7278567424;66.0;239447568384;158066860032;81380708352;1.1269562845154806;0.19409711252037795;0.0;0.0;82467005;555820432;0.007688795801662366;0.0049401077824588755;13;10;31;16.241299999819603;0.0;4425
2025-11-26 18:28:28;DESKTOP-J1U1KVK;22.7;86.1;8459812864;7282749440;66.0;239447568384;158066860032;81380708352;0.24852527264317478;0.0967987927867438;0.0;0.0;82467709;555821104;0.005676800400470209;0.005942209250362322;10;11;31;7.675200000448967;0.0;4426
2025-11-26 18:28:29;DESKTOP-J1U1KVK;19.1;86.1;8459812864;7280685056;66.0;239447568384;158066860032;81380708352;0.28193115457247675;0.006955538352939393;0.0;0.0;82468339;555822061;0.006532081579157521;0.004015062949703342;8;8;31;23.412800000187417;0.0;4427
2025-11-26 18:28:30;DESKTOP-J1U1KVK;19.4;86.1;8459812864;7283896320;66.0;239447568384;158066864128;81380704256;0.25138103640911647;0.014572813704876316;0.0;0.0;82469043;555822733;0.005007949747611003;0.005246423545116289;9;10;31;22.443400000156544;0.0;4429
2025-11-26 18:28:32;DESKTOP-J1U1KVK;18.3;86.1;8459812864;7283146752;66.0;239447568384;158066864128;81380704256;1.0910891874374267;0.08028080977800464;0.0;0.0;82469890;555823613;0.006582270859137185;0.006335435701919541;9;11;31;8.282799999506096;0.0;4430
2025-11-26 18:28:33;DESKTOP-J1U1KVK;13.1;86.0;8459812864;7276449792;66.0;239447568384;158066868224;81380700160;0.21776550797493682;0.011534190041045384;0.0;0.0;82470791;555826476;0.021655155825603532;0.006814982675120078;15;12;31;22.94179999989865;0.0;4431
2025-11-26 18:28:34;DESKTOP-J1U1KVK;12.6;86.0;8459812864;7277428736;66.0;239447568384;158066868224;81380700160;0.40519247246952256;0.004106680464218134;0.0;0.0;82471686;555827781;0.009749300109508066;0.006686301607670284;13;11;31;25.040999999873748;0.0;4432
2025-11-26 18:28:35;DESKTOP-J1U1KVK;12.6;85.9;8459812864;7269277696;66.0;239447568384;158056095744;81391472640;0.30484353508164125;0.01928227179733273;0.0;0.0;82472472;555828539;0.0057093596968178124;0.005920259527307125;10;13;31;6.371899999976449;0.0;4433
2025-11-26 18:28:36;DESKTOP-J1U1KVK;11.4;86.0;8459812864;7272189952;66.0;239447568384;158056095744;81391472640;0.41105292306829844;0.0037031794871017873;0.0;0.0;82473250;555830095;0.011794409271873103;0.005897204635936551;14;11;31;27.09800000047835;0.0;4434
2025-11-26 18:28:37;DESKTOP-J1U1KVK;20.5;85.9;8459812864;7270547456;66.0;239447568384;158056095744;81391472640;0.4469166189102177;0.1285339462922679;0.0;0.0;82474340;555830997;0.006706375173552069;0.008104156251853387;12;14;31;6.313200000477082;0.0;4435
2025-11-26 18:28:38;DESKTOP-J1U1KVK;7.8;86.0;8459812864;7277101056;66.0;239447568384;158056095744;81391472640;0.5636111811210951;0.051935325183434244;0.0;0.0;82476172;555832926;0.014293931470267442;0.013575159384929992;21;21;31;9.297300000071118;0.0;4436
2025-11-26 18:28:39;DESKTOP-J1U1KVK;8.5;86.0;8459812864;7273971712;66.0;239447568384;158056095744;81391472640;0.13683627571857138;0.005547416583185326;0.0;0.0;82476999;555833849;0.006990564063917761;0.006263484811332599;12;11;31;22.79889999954321;0.0;4437
2025-11-26 18:28:40;DESKTOP-J1U1KVK;10.2;86.0;8459812864;7272214528;66.0;239447568384;158056095744;81391472640;1.6087154705314837;0.0;0.0;0;82477601;555842057;0.06152119934855749;0.004512154240720225;27;9;31;6.581900000128371;0.0;4438
2025-11-26 18:28:41;DESKTOP-J1U1KVK;19.0;86.3;8459812864;7302889472;66.0;239447568384;158056226816;81391341568;3.6627921854839482;0.31937533694711107;0.0;0.0;82591025;555866330;0.18592683106797508;0.8661668742372369;133;88;34;12.122000000090338;0.0;4439
2025-11-26 18:28:42;DESKTOP-J1U1KVK;12.7;86.3;8459812864;7300415488;66.0;239447568384;158056226816;81391341568;3.6989278804366315;0.14823592887679465;0.0;0.0;82604756;555890851;0.18590360285672877;0.10441536265495735;73;33;35;58.51559999973688;0.0;4440
2025-11-26 18:28:43;DESKTOP-J1U1KVK;13.9;86.4;8459812864;7308120064;66.0;239447568384;158056226816;81391341568;1.1176973471866476;0.03322423516789577;0.0;0.0;82605725;555893310;0.01711625103289315;0.006744874847854193;13;13;35;5.704999999579741;0.0;4441
2025-11-26 18:28:44;DESKTOP-J1U1KVK;20.7;85.6;8459812864;7245299712;66.0;239447568384;158056226816;81391341568;0.8793685373655193;0.12470037031969025;0.0;0.0;82624532;555895538;0.01691772748904794;0.14280596987725525;22;21;35;27.546499999516527;0.0;4442
2025-11-26 18:28:45;DESKTOP-J1U1KVK;8.4;85.7;8459812864;7247441920;66.0;239447568384;158056226816;81391341568;1.6649154787383214;0.0;0.0;0;82630541;555904454;0.06696071502869398;0.045128638022366774;24;23;35;7.781500000419328;0.0;4443
2025-11-26 18:28:46;DESKTOP-J1U1KVK;21.8;85.4;8459812864;7223648256;66.0;239447568384;158056194048;81391374336;3.525776452310113;0.11460281401771258;0.0;0.0;82631143;555905258;0.006110268109859712;0.004575101246437247;8;9;35;6.641199999648961;0.0;4445
2025-11-26 18:28:48;DESKTOP-J1U1KVK;13.6;85.3;8459812864;7217864704;66.0;239447568384;158056194048;81391374336;0.7183495009663604;0.01761114905594948;0.0;0.0;82631955;555906206;0.007189232077403006;0.0061578654502650225;13;12;33;12.679600000410574;0.0;4446
2025-11-26 18:28:49;DESKTOP-J1U1KVK;24.4;85.9;8459812864;7269777408;66.0;239447568384;158056194048;81391374336;4.510169584366546;0.33074269855736693;0.0;0.0;82638883;555914186;0.05990245021096903;0.05200553572200419;20;22;33;6.901100000504812;0.0;4447
2025-11-26 18:28:50;DESKTOP-J1U1KVK;51.6;88.2;8459812864;7459958784;66.0;239447568384;158056333312;81391235072;87.58372865173065;0.8506861635704833;0.0;0.0;82640032;555915005;0.006094442653363934;0.008550078887320098;8;13;33;14.926000000741624;0.0;4448
2025-11-26 18:28:51;DESKTOP-J1U1KVK;52.2;89.7;8459812864;7586050048;66.0;239447568384;158056415232;81391153152;90.4897768463841;0.6123980516537358;0.00042753313381787086;0.0;82641109;555916265;0.009327434594602427;0.007972735760624457;13;14;32;6.781099999898288;0.0;4449
2025-11-26 18:28:52;DESKTOP-J1U1KVK;55.7;89.9;8459812864;7607427072;66.0;239447568384;158057660416;81389907968;16.77275801965325;51.59929011912625;0.0;0.0;82670268;555954106;0.28668274750845474;0.23442455660978717;90;97;50;12.842600000112725;0.0;4450
2025-11-26 18:28:53;DESKTOP-J1U1KVK;25.0;89.3;8459812864;7551504384;66.0;239447568384;158057734144;81389834240;15.044681624294311;1.3547561291718015;0.0;0.0;82681240;556127399;1.3017787649832437;0.06750058706592342;80;56;46;5.80309999986639;0.0;4451
2025-11-26 18:28:54;DESKTOP-J1U1KVK;23.2;87.3;8459812864;7387475968;66.0;239447568384;158057734144;81389834240;3.862163776954989;0.32196246292759567;0.0;0.0;82682327;556129825;0.01841275382997465;0.008250067359102407;14;15;46;31.11960000023828;0.0;4452
2025-11-26 18:28:55;DESKTOP-J1U1KVK;25.1;87.7;8459812864;7417102336;66.0;239447568384;158057734144;81389834240;9.08677126383656;0.02178102475226741;0.0;0.0;82683128;556130481;0.004876708845988475;0.005954639917129221;9;12;46;14.379599999301718;0.0;4453
2025-11-26 18:28:56;DESKTOP-J1U1KVK;55.6;89.4;8459812864;7566569472;66.0;239447568384;158057734144;81389834240;19.499118113634147;0.29051347264503646;0.0;0.0;82695852;556140248;0.07306467583440061;0.09518531128462307;34;32;46;12.55719999971916;0.0;4454
2025-11-26 18:28:57;DESKTOP-J1U1KVK;22.9;89.6;8459812864;7580471296;66.0;239447568384;158057734144;81389834240;1.1664511123707395;0.12379787749217755;0.0;0.0;82699907;556148792;0.06408343447158509;0.03041413000728904;24;25;47;24.056999999629625;0.0;4455
2025-11-26 18:28:58;DESKTOP-J1U1KVK;21.5;89.5;8459812864;7574331392;66.0;239447568384;158057734144;81389834240;0.28437655241161613;0.2723794166067511;0.0;0.0;82701298;556157751;0.06578940769744786;0.010540602519438091;37;21;38;4.681100000198057;0.0;4456
2025-11-26 18:28:59;DESKTOP-J1U1KVK;14.7;89.7;8459812864;7587573760;66.0;239447568384;158057734144;81389834240;1.0549475240620458;0.4375422814020588;0.0;0.0;82701954;556158371;0.004277301259685534;0.004598098854161949;8;9;34;6.113299999924493;0.0;4457
2025-11-26 18:29:00;DESKTOP-J1U1KVK;16.8;89.8;8459812864;7597051904;66.0;239447568384;158057734144;81389834240;1.3538675942239677;0.0;0.0;0;82702744;556159129;0.0057552449224923105;0.0059982104073468675;10;11;34;6.112299999585957;0.0;4458
2025-11-26 18:29:01;DESKTOP-J1U1KVK;9.1;89.8;8459812864;7593926656;66.0;239447568384;158057472000;81390096384;0.40883207635438473;0.3930362915861471;0.0;0.0;82703346;556159933;0.0061249250453729275;0.004586075718052864;8;9;34;16.323699999702512;0.0;4459
2025-11-26 18:29:02;DESKTOP-J1U1KVK;25.4;90.1;8459812864;7618076672;66.0;239447568384;158057472000;81390096384;0.9144833356051405;0.20316709733332827;0.0;0.0;82704039;556160519;0.00444075055504774;0.0052516043253380265;8;10;32;14.396200000192039;0.0;4460
2025-11-26 18:29:04;DESKTOP-J1U1KVK;13.3;90.1;8459812864;7619506176;66.0;239447568384;158057472000;81390096384;0.4313903970003169;0.011983066583342136;0.0;0.0;82704866;556161244;0.0066038003739046875;0.007675502834584076;11;12;32;7.000999999945634;0.0;4462
2025-11-26 18:29:05;DESKTOP-J1U1KVK;11.6;90.0;8459812864;7617712128;66.0;239447568384;158057480192;81390088192;0.8395347362091191;0.0;0.0;0;82705917;556161980;0.004451297366131984;0.006540216778565935;8;14;32;7.294500000170956;0.0;4463
2025-11-26 18:29:06;DESKTOP-J1U1KVK;17.5;90.1;8459812864;7618801664;66.0;239447568384;158057480192;81390088192;1.3979571693524344;0.03439123355454792;0.03225806451612903;0.0;82706621;556164144;0.016461215258334702;0.005355219751325153;10;10;32;17.31519999975717;0.0;4464
2025-11-26 18:29:07;DESKTOP-J1U1KVK;11.1;89.9;8459812864;7606104064;66.0;239447568384;158057549824;81390018560;1.098518004636759;0.05865431398929715;0.0;0.0;82717452;556173881;0.07340100272145544;0.08086728313254846;29;27;32;9.72749999982625;0.0;4465
2025-11-26 18:29:08;DESKTOP-J1U1KVK;10.3;89.7;8459812864;7587094528;66.0;239447568384;158057549824;81390018560;0.8792793803332963;0.13577108078675898;0.0;0.0;82738257;556182067;0.061178622184392066;0.15729377589548652;22;27;33;22.17709999968065;0.0;4466
2025-11-26 18:29:09;DESKTOP-J1U1KVK;13.1;89.7;8459812864;7584346112;66.0;239447568384;158057549824;81390018560;4.8752393171512605;0.008235201549241993;0.0;0.0;82739721;556183852;0.013405649993318355;0.010994886044940096;20;17;33;7.617999999638414;0.0;4467
2025-11-26 18:29:10;DESKTOP-J1U1KVK;10.2;89.1;8459812864;7539757056;66.0;239447568384;158057549824;81390018560;0.5787306973076571;0.35470591125308015;0.0;0.0;82771552;556192227;0.06404972859166187;0.24343485502103748;29;23;34;6.123899999693094;0.0;4468
2025-11-26 18:29:11;DESKTOP-J1U1KVK;22.0;89.1;8459812864;7537967104;66.0;239447568384;158057549824;81390018560;0.4202577055359496;0.33239409232102207;0.0;0.0;82772714;556194550;0.017690672349309176;0.008849143895780138;16;16;33;7.982299999639508;0.0;4469
2025-11-26 18:29:12;DESKTOP-J1U1KVK;15.8;89.2;8459812864;7544160256;66.0;239447568384;158057582592;81389985792;15.976087203066758;0.005093234385396892;0.0;0.0;82774114;556196498;0.0147792365761846;0.010621627929496119;19;17;33;18.547599999692466;0.0;4470
2025-11-26 18:29:13;DESKTOP-J1U1KVK;16.2;89.2;8459812864;7549915136;66.0;239447568384;158057680896;81389887488;11.431694688742486;0.13186190605406264;0.0;0.0;82775015;556197927;0.010718655270056563;0.006758228410301583;17;12;33;8.224399999562593;0.0;4471
2025-11-26 18:29:14;DESKTOP-J1U1KVK;9.9;89.4;8459812864;7560404992;66.0;239447568384;158057680896;81389887488;3.8142146586424985;0.02948185243395168;0.0;0.0;82778701;556198803;0.006610649087828755;0.027816041709745196;11;16;33;27.0767000001797;0.0;4472
2025-11-26 18:29:15;DESKTOP-J1U1KVK;19.9;89.0;8459812864;7525400576;66.0;239447568384;158057721856;81389846528;14.296000664460289;0.2025509518493641;0.0;0.0;82779318;556199508;0.00524974693706497;0.004594459376126364;9;9;33;6.252899999708461;0.0;4473
2025-11-26 18:29:16;DESKTOP-J1U1KVK;19.3;89.0;8459812864;7532408832;66.0;239447568384;158057742336;81389826048;8.025189493088256;0.5674423429277601;0.0;0.0;82800334;556217141;0.13442813011352084;0.16021899747438065;47;21;33;6.650499999523163;0.0;4474
2025-11-26 18:29:17;DESKTOP-J1U1KVK;18.5;89.4;8459812864;7562108928;66.0;239447568384;158057742336;81389826048;33.63842322390728;0.31879915909041223;0.0;0.0;82803505;556217854;0.0054425813865792115;0.024205365465417503;9;12;33;5.595499999799358;0.0;4475
2025-11-26 18:29:20;DESKTOP-J1U1KVK;23.7;90.3;8459812864;7637835776;66.0;239447568384;158057676800;81389891584;2.003228061997503;0.09547157151660342;0.0;0.0;82876651;556243936;0.08934510316846701;0.2505650224814312;71;54;34;6.1930000001666485;0.0;4478
2025-11-26 18:29:21;DESKTOP-J1U1KVK;17.5;90.5;8459812864;7651979264;66.0;239447568384;158057676800;81389891584;1.1190557542870858;0.05204910485056213;0.0;0.0;82877253;556244496;0.00424795180926142;0.004566548194956026;8;9;34;6.380800000442832;0.0;4479
2025-11-26 18:29:22;DESKTOP-J1U1KVK;28.1;91.1;8459812864;7704408064;66.0;239447568384;158057742336;81389826048;36.419429449121935;0.5613971231471881;0.0;0.0;82879418;556247314;0.02134349863530987;0.016397684366730256;18;18;35;5.698799999663606;0.0;4480
2025-11-26 18:29:23;DESKTOP-J1U1KVK;24.2;91.1;8459812864;7707987968;66.0;239447568384;158057742336;81389826048;0.8693897757619642;0.05433686098512276;0.0;0.0;82889981;556251630;0.03269608727418361;0.08980818226029813;15;25;39;5.132299999786483;0.0;4481
2025-11-26 18:29:24;DESKTOP-J1U1KVK;59.0;92.3;8459812864;7804207104;66.0;239447568384;158058635264;81388933120;2.5059107871504542;2.19403187586979;0.0;0.0;82925049;556426392;1.3003755111272957;0.2513217018793304;145;132;52;6.824899999628542;0.0;4482
2025-11-26 18:29:25;DESKTOP-J1U1KVK;22.2;92.4;8459812864;7813115904;66.0;239447568384;158058659840;81388908544;1.0040327250236554;0.0;0.0;0;82926811;556539551;0.8554185491245455;0.013319731382898834;40;27;49;6.800500000281318;0.0;4483
2025-11-26 18:29:26;DESKTOP-J1U1KVK;13.8;92.0;8459812864;7786127360;66.0;239447568384;158058659840;81388908544;1.150668039557981;0.34798428615664745;0.0;0.0;82936186;556541107;0.011848045767257986;0.0713852371902594;17;17;48;6.4664000001357635;0.0;4484
2025-11-26 18:29:27;DESKTOP-J1U1KVK;15.0;92.2;8459812864;7798853632;66.0;239447568384;158058659840;81388908544;7.252552059794002;0.2950269415739392;0.0;0.0;82936973;556543521;0.018373232544407536;0.005989947809630791;14;12;48;6.161900000734022;0.0;4485
2025-11-26 18:29:28;DESKTOP-J1U1KVK;12.4;92.0;8459812864;7780323328;66.0;239447568384;158058659840;81388908544;0.6494528089855861;0.05925323760141482;0.0;0.0;82937882;556544409;0.008542828418644625;0.007351871105589611;15;14;47;6.737800000337302;0.0;4486
2025-11-26 18:29:29;DESKTOP-J1U1KVK;11.1;91.8;8459812864;7767252992;66.0;239447568384;158058659840;81388908544;0.2971825572003123;0.0;0.0;0;82939134;556545718;0.008203602298417881;0.009527745897605926;15;19;42;6.716900000355963;0.0;4487
2025-11-26 18:29:30;DESKTOP-J1U1KVK;10.6;91.7;8459812864;7757029376;66.0;239447568384;158058659840;81388908544;0.7994782529064648;0.18546036215679038;0.0;0.0;82943768;556553612;0.06010790144976418;0.03487385212058779;23;28;33;21.687800000108837;0.0;4488
2025-11-26 18:29:31;DESKTOP-J1U1KVK;18.7;92.3;8459812864;7811350528;66.0;239447568384;158058659840;81388908544;52.39777375476368;0.040792528552956335;0.0007142857142857143;0.0;82944649;556555241;0.012221740179983842;0.006609793185123244;15;12;33;27.82440000009956;0.0;4489
2025-11-26 18:29:32;DESKTOP-J1U1KVK;12.7;92.4;8459812864;7812804608;66.0;239447568384;158058659840;81388908544;2.7242960553564246;0.352878616566302;0.0;0.0;82955339;556571178;0.1195153841279765;0.08016687308326967;35;32;33;40.887999999540625;0.0;4490
2025-11-26 18:29:33;DESKTOP-J1U1KVK;10.4;92.4;8459812864;7820083200;66.0;239447568384;158058594304;81388974080;9.65764231865856;0.11805192231031679;0.0;0.0;82955941;556571678;0.0037085856446393965;0.0044651371161458335;7;9;33;6.261900000026799;0.0;4491
2025-11-26 18:29:34;DESKTOP-J1U1KVK;24.0;92.5;8459812864;7824179200;66.0;239447568384;158058594304;81388974080;0.552406831671888;0.0;0.0;0;82956917;556580188;0.06455057468309496;0.007403215145793263;32;14;33;6.297699999777251;0.0;4492
2025-11-26 18:29:35;DESKTOP-J1U1KVK;34.9;92.6;8459812864;7830339584;66.0;239447568384;158058594304;81388974080;0.6537268994307393;0.039929341868638904;0.0;0.0;82957593;556581218;0.007825611936263539;0.005136032688266167;9;10;33;14.822500000263972;0.0;4494
2025-11-26 18:29:37;DESKTOP-J1U1KVK;17.9;92.6;8459812864;7835348992;66.0;239447568384;158058594304;81388974080;0.6966575829948709;0.017416439574871774;0.0;0.0;82958726;556583101;0.0141515571269106;0.008514983656287684;16;15;33;7.4811999993471545;0.0;4495
2025-11-26 18:29:38;DESKTOP-J1U1KVK;11.3;92.6;8459812864;7837900800;66.0;239447568384;158058594304;81388974080;0.862145646247969;0.09243910754490615;0.0;0.0;82960030;556586305;0.024388654213847283;0.009925969130729356;17;17;33;16.934000000219385;0.0;4496
2025-11-26 18:29:39;DESKTOP-J1U1KVK;10.8;92.6;8459812864;7837229056;66.0;239447568384;158058659840;81388908544;1.1315563296561206;0.0;0.0;0;82968915;556594951;0.06477642403381849;0.06656702839931497;29;28;33;7.87659999969037;0.0;4497
2025-11-26 18:29:40;DESKTOP-J1U1KVK;17.9;92.7;8459812864;7839141888;66.0;239447568384;158058659840;81388908544;3.9300554923848696;0.025121093346210106;0.0;0.0;82972681;556602515;0.05768493626412225;0.02872044817169281;18;16;32;8.101100000203587;0.0;4498
2025-11-26 18:29:41;DESKTOP-J1U1KVK;17.8;93.1;8459812864;7873609728;66.0;239447568384;158058659840;81388908544;54.6838561405049;0.07418280694635407;0.0;0.0;83101269;556605206;0.020456502707717338;0.9775030732738598;34;52;32;5.839600000399514;0.0;4499
2025-11-26 18:29:42;DESKTOP-J1U1KVK;22.6;93.4;8459812864;7902519296;66.0;239447568384;158058659840;81388908544;47.02386529359811;0.04081489881184603;0.0006381620931716656;0.0;83146151;556649276;0.3388256380891865;0.33971879833613766;161;88;35;14.323699999295059;0.0;4500
2025-11-26 18:29:43;DESKTOP-J1U1KVK;14.3;93.8;8459812864;7935213568;66.0;239447568384;158058762240;81388806144;20.5980398322999;0.2601961373780545;0.0;0.0;83247938;556668250;0.1348946204958738;0.7511224691692289;71;77;36;24.78999999948428;0.0;4501
2025-11-26 18:29:44;DESKTOP-J1U1KVK;23.5;93.7;8459812864;7923507200;66.0;239447568384;158058659840;81388908544;12.787082412811829;1.3020705320779467;0.001557632398753894;0.0;83249184;556670105;0.013849245734062033;0.00930251222891714;15;19;35;6.8688999999722;0.0;4502
2025-11-26 18:29:45;DESKTOP-J1U1KVK;14.9;94.0;8459812864;7954853888;66.0;239447568384;158058659840;81388908544;46.23349790024658;0.3764640043749219;0.0;0.0;83254481;556673111;0.02293861954304256;0.04042111367914053;22;23;36;6.300099999862141;0.0;4503
2025-11-26 18:29:46;DESKTOP-J1U1KVK;16.3;94.0;8459812864;7953842176;66.0;239447568384;158058659840;81388908544;1.8941850273741563;0.8655147290725592;0.0;0.0;83255083;556673915;0.006107023304673435;0.004572671678374885;8;9;36;6.144400000266614;0.0;4504
2025-11-26 18:29:47;DESKTOP-J1U1KVK;26.2;93.7;8459812864;7923208192;66.0;239447568384;158058700800;81388867584;6.170029076458138;0.21659802891873642;0.0;0.0;83256093;556675223;0.00994966311015098;0.0076828438388780495;12;13;36;36.54830000050424;0.0;4505
2025-11-26 18:29:48;DESKTOP-J1U1KVK;24.5;93.8;8459812864;7936073728;66.0;239447568384;158058700800;81388867584;1.247044281929702;0.0;0.0;0;83257033;556677877;0.019646187268356836;0.006958333094293679;17;14;33;6.420599999728438;0.0;4506
2025-11-26 18:29:49;DESKTOP-J1U1KVK;26.0;94.1;8459812864;7960645632;66.0;239447568384;158058700800;81388867584;47.44142824290524;0.8554133292803734;0.0;0.0;83258013;556678549;0.005128354333414211;0.008051211044273799;9;15;33;7.581900000332098;0.0;4507
2025-11-26 18:29:50;DESKTOP-J1U1KVK;30.3;94.2;8459812864;7969538048;66.0;239447568384;158058700800;81388867584;10.902932372736156;0.808106250151683;0.0;0.0;83258776;556679447;0.006826975142553114;0.005230466478927108;11;10;33;19.921399999475398;0.0;4508
2025-11-26 18:29:51;DESKTOP-J1U1KVK;23.3;94.3;8459812864;7978037248;66.0;239447568384;158058700800;81388867584;15.530666933965636;0.7835777703193666;0.003105590062111801;0.0;83259462;556680391;0.0070742457642795666;0.0051408184261607865;10;10;33;6.338799999866751;0.0;4509
2025-11-26 18:29:52;DESKTOP-J1U1KVK;21.0;94.4;8459812864;7981948928;66.0;239447568384;158058635264;81388933120;9.491058383791604;0.15363970841488525;0.0;0.0;83260430;556688893;0.06535363913909759;0.008444910836513072;31;14;33;7.200800000646268;0.0;4510
2025-11-26 18:29:53;DESKTOP-J1U1KVK;15.7;94.3;8459812864;7979855872;66.0;239447568384;158058700800;81388867584;3.921841673571886;0.0;0.0;0;83261182;556689819;0.005883783523017703;0.005125563996855629;9;10;33;5.875199999536562;0.0;4512
2025-11-26 18:29:55;DESKTOP-J1U1KVK;13.5;94.4;8459812864;7986585600;66.0;239447568384;158058700800;81388867584;29.38730638660409;0.1199050613885641;0.0;0.0;83262437;556690838;0.0076436197902994924;0.00885879781387998;13;16;33;6.79020000006858;0.0;4513
2025-11-26 18:29:56;DESKTOP-J1U1KVK;17.1;93.4;8459812864;7902117888;66.0;239447568384;158058606592;81388961792;23.51391721517554;0.2686782612227598;0.0;0.0;83262889;556691264;0.0032112889622002557;0.003407283124212478;6;7;33;6.496999999399122;0.0;4514
2025-11-26 18:29:57;DESKTOP-J1U1KVK;26.2;90.5;8459812864;7660331008;66.0;239447568384;158058606592;81388961792;5.71037299790442;0.9291344953793125;0.0;0.0;83285036;556711220;0.15041140129877462;0.1669253008901564;62;52;33;14.996500000052038;0.0;4515
2025-11-26 18:29:58;DESKTOP-J1U1KVK;26.8;87.1;8459812864;7367655424;66.0;239447568384;158058606592;81388961792;13.350024496189933;261.2365771750679;0.0;0.0017977528089887641;83294337;556723408;0.09138734450619132;0.06974021096587509;31;28;33;29.54900000077032;0.0;4516
2025-11-26 18:29:59;DESKTOP-J1U1KVK;8.8;87.1;8459812864;7364988928;66.0;239447568384;158058606592;81388961792;2.9136662326929486;0.13594088177416558;0.0;0.0;83294939;556724362;0.007082862155637737;0.004469479054186496;8;9;33;7.136000000173226;0.0;4517
2025-11-26 18:30:00;DESKTOP-J1U1KVK;11.3;87.0;8459812864;7355838464;66.0;239447568384;158058610688;81388957696;5.01945774175149;0.08238538763816892;0.0;0.0;83295569;556726964;0.019849598478557374;0.004806013467137258;11;9;33;7.229699999697914;0.0;4518
2025-11-26 18:30:01;DESKTOP-J1U1KVK;24.5;87.7;8459812864;7421800448;66.0;239447568384;158058610688;81388957696;0.8129060461990516;0.037582985012627385;0.06666666666666667;0.0;83296097;556728146;0.008967270316829238;0.004005684202441486;8;8;33;15.733600000203296;0.0;4519
2025-11-26 18:30:02;DESKTOP-J1U1KVK;12.3;87.8;8459812864;7424282624;66.0;239447568384;158058610688;81388957696;1.8611986722077625;0.23953296521017062;0.0;0.0;83296953;556729027;0.007070776044905612;0.006432076827246763;11;12;33;15.587700000651239;0.0;4520
2025-11-26 18:30:03;DESKTOP-J1U1KVK;9.6;87.8;8459812864;7428136960;66.0;239447568384;158058610688;81388957696;0.6165802398572493;0.01081719719047806;0.0;0.0;83298164;556729785;0.005166405154415851;0.008963490891114034;10;14;32;7.841300000109186;0.0;4521
2025-11-26 18:30:04;DESKTOP-J1U1KVK;11.7;87.8;8459812864;7430348800;66.0;239447568384;158058610688;81388957696;1.6066513734238297;0.4619586512500388;0.0;0.0;83307261;556774851;0.3437304403739428;0.06945805016698207;257;55;32;6.9861000001765206;0.0;4522
2025-11-26 18:30:05;DESKTOP-J1U1KVK;11.4;87.9;8459812864;7434715136;66.0;239447568384;158058602496;81388965888;47.41009005807226;0.03471605047992091;0.0;0.0;83308105;556777672;0.01974823468358089;0.005998118185324452;21;12;32;7.109399999535526;0.0;4523
2025-11-26 18:30:06;DESKTOP-J1U1KVK;7.6;87.9;8459812864;7436197888;66.0;239447568384;158058627072;81388941312;3.8691933655802386;0.11556065107706362;0.0;0.0;83309024;556779261;0.012080162789503437;0.006986576213690155;13;13;32;6.6766999998435494;0.0;4524
2025-11-26 18:30:07;DESKTOP-J1U1KVK;12.6;88.0;8459812864;7446949888;66.0;239447568384;158059872256;81387696128;4.663713872930463;0.5894519123974113;0.0;0.0;83309908;556780401;0.009375994869795633;0.006716677038005949;11;12;32;5.442900000161899;0.0;4525
2025-11-26 18:30:08;DESKTOP-J1U1KVK;8.6;87.8;8459812864;7431610368;66.0;239447568384;158059810816;81387757568;4.0895711500232865;0.13220596390161488;0.0;0.0;83310864;556781349;0.00649394163341804;0.007269564638814574;11;13;32;5.593700000645185;0.0;4526
2025-11-26 18:30:09;DESKTOP-J1U1KVK;6.5;87.9;8459812864;7436029952;66.0;239447568384;158059810816;81387757568;1.084646915038053;0.0840415631943012;0.0;0.0;83311502;556782455;0.008389091526241756;0.004839277028700037;11;9;32;19.385899999178946;0.0;4527
2025-11-26 18:30:10;DESKTOP-J1U1KVK;8.0;87.9;8459812864;7435464704;66.0;239447568384;158059810816;81387757568;2.356180887903028;0.008244800929676227;0.0;0.0;83312263;556792814;0.07792133792420954;0.005724311049360312;32;10;32;6.146100000478327;0.0;4528
2025-11-26 18:30:11;DESKTOP-J1U1KVK;12.7;87.9;8459812864;7433248768;66.0;239447568384;158059810816;81387757568;10.767169529637277;0.10702489268406472;0.0045045045045045045;0.0;83313006;556793823;0.0076718056295947065;0.005649307812476578;10;10;32;57.792800000243005;0.0;4530
2025-11-26 18:30:13;DESKTOP-J1U1KVK;14.1;88.2;8459812864;7462649856;66.0;239447568384;158059819008;81387749376;9.298389940457264;0.04876701818455695;0.0;0.0;83313860;556794803;0.007005104344333436;0.006104448071490565;13;12;32;14.429699999709555;0.0;4531
2025-11-26 18:30:14;DESKTOP-J1U1KVK;12.6;88.2;8459812864;7465574400;66.0;239447568384;158059819008;81387749376;39.95454011584392;0.07300693985495982;0.0;0.0;83314660;556795963;0.008720080983993373;0.006013848954478189;12;10;32;6.32450000011886;0.0;4532
2025-11-26 18:30:15;DESKTOP-J1U1KVK;10.0;88.3;8459812864;7468740608;66.0;239447568384;158059819008;81387749376;1.4111490179070691;0.01303171916273019;0.0;0.0;83315448;556797237;0.009721108530669124;0.006012742168106177;11;13;32;6.209099999978207;0.0;4533
2025-11-26 18:30:16;DESKTOP-J1U1KVK;22.7;89.5;8459812864;7571136512;66.0;239447568384;158059839488;81387728896;21.200747443019083;0.487629730239645;0.0;0.0;83316589;556799053;0.01377704757908313;0.008656173616593531;14;14;32;6.147199999759323;0.0;4534
2025-11-26 18:30:17;DESKTOP-J1U1KVK;15.8;89.7;8459812864;7591264256;66.0;239447568384;158059843584;81387724800;1.1666868476246415;0.0;0.0;0;83317504;556801107;0.015669592827076695;0.006980368761818488;13;12;32;5.854699999872537;0.0;4535
2025-11-26 18:30:18;DESKTOP-J1U1KVK;12.6;89.7;8459812864;7592321024;66.0;239447568384;158059974656;81387593728;0.5393764853620875;0.21694309317709815;0.0;0.0;83318432;556803367;0.016988741763794366;0.006975908122478395;18;13;32;7.967700000335753;0.0;4536
2025-11-26 18:30:19;DESKTOP-J1U1KVK;16.4;89.8;8459812864;7594831872;66.0;239447568384;158059974656;81387593728;0.5266878270743978;0.16273541135837466;0.0;0.0;83319289;556806697;0.025273144921289844;0.006504229789052672;20;11;32;6.3539000002492685;0.0;4537
2025-11-26 18:30:20;DESKTOP-J1U1KVK;16.2;89.7;8459812864;7590514688;66.0;239447568384;158059974656;81387593728;1.765764219543057;0.17889979592738867;0.0;0.0;83320146;556809121;0.018469496662391095;0.006529850923955928;16;11;32;7.102199999280856;0.0;4538
2025-11-26 18:30:21;DESKTOP-J1U1KVK;14.1;89.8;8459812864;7599063040;66.0;239447568384;158059974656;81387593728;0.7881409542923814;0.2012175903352601;0.0;0.0;83330877;556813995;0.03713182903971886;0.08175249434247499;31;24;33;23.53210000001127;0.0;4539
2025-11-26 18:30:22;DESKTOP-J1U1KVK;12.1;89.8;8459812864;7596208128;66.0;239447568384;158059974656;81387593728;0.5791693199954998;0.0;0.0;0;83334883;556823252;0.06940825656085593;0.03003667233259035;23;17;33;5.936600000495673;0.0;4540
2025-11-26 18:30:23;DESKTOP-J1U1KVK;16.6;89.9;8459812864;7601606656;66.0;239447568384;158059909120;81387659264;1.3355512585759626;0.0899642167235197;0.0;0.0;83336179;556824618;0.010382904767728539;0.009850837905546255;15;16;33;6.776100000024599;0.0;4541
2025-11-26 18:30:26;DESKTOP-J1U1KVK;12.8;89.8;8459812864;7599243264;66.0;239447568384;158059909120;81387659264;3.0793927215902928;0.03242109937311989;0.0;0.0;83416163;556875724;0.1707597272542126;0.26724936455016907;339;147;34;8.132600000863022;0.0;4544
2025-11-26 18:30:27;DESKTOP-J1U1KVK;17.8;90.1;8459812864;7620165632;66.0;239447568384;158059941888;81387626496;13.446848392634577;0.017254495943384057;0.0;0.0;83417077;556877035;0.010028882761612668;0.006991913687348572;13;12;34;6.687099999908241;0.0;4545
2025-11-26 18:30:28;DESKTOP-J1U1KVK;13.5;90.1;8459812864;7618617344;66.0;239447568384;158060007424;81387560960;1.1176971893563479;0.2392395321699206;0.0;0.0;83418151;556878534;0.01139004522205728;0.008722996607686297;15;15;33;7.894200000009732;0.0;4546
2025-11-26 18:30:29;DESKTOP-J1U1KVK;14.1;90.1;8459812864;7623950336;66.0;239447568384;158060015616;81387552768;0.6430935478470565;0.8075628747389761;0.0;0.0;83418910;556886980;0.0643525048265763;0.005219212148496894;30;10;33;7.201299999906041;0.0;4547
2025-11-26 18:30:30;DESKTOP-J1U1KVK;14.3;90.0;8459812864;7614816256;66.0;239447568384;158060015616;81387552768;0.520341833304156;0.07433454761487941;0.0;0.0;83431335;556974512;0.6659958419009627;0.09453683607845659;78;60;42;16.938699999627715;0.0;4548
2025-11-26 18:30:31;DESKTOP-J1U1KVK;16.0;90.1;8459812864;7620636672;66.0;239447568384;158060068864;81387499520;5.145190614620705;0.18349467241871273;0.009174311926605505;0.0;83432910;557123066;1.1168011556376163;0.011840555085216456;35;25;39;20.764799999597017;0.0;4549
2025-11-26 18:30:32;DESKTOP-J1U1KVK;15.3;90.2;8459812864;7634264064;66.0;239447568384;158060191744;81387376640;4.268044839566903;0.10426596200806319;0.0;0.0;83434394;557124601;0.011503901911812874;0.011121687581192382;15;16;39;7.061400000566209;0.0;4550
2025-11-26 18:30:33;DESKTOP-J1U1KVK;14.3;90.9;8459812864;7693520896;66.0;239447568384;158060191744;81387376640;36.706353106860135;0.0;0.0;0;83435579;557127982;0.025502841490623294;0.008938440451460692;15;16;39;7.184000000052038;0.0;4551
2025-11-26 18:30:34;DESKTOP-J1U1KVK;26.7;91.2;8459812864;7717793792;66.0;239447568384;158059864064;81387704320;119.37353603050042;0.07240976759672471;0.0002843332385555871;0.0;83436564;557129454;0.011131721559117184;0.007448876179164692;16;14;39;22.787300000345567;0.0;4552
2025-11-26 18:30:35;DESKTOP-J1U1KVK;34.8;92.2;8459812864;7801516032;66.0;239447568384;158059868160;81387700224;326.8194311166394;0.2187845254483214;0.0001486546751895347;0.0;83437349;557130100;0.004744827788825111;0.0057657737062348485;9;12;38;6.857700000182376;0.0;4553
2025-11-26 18:30:36;DESKTOP-J1U1KVK;33.7;95.0;8459812864;8033304576;66.0;239447568384;158059868160;81387700224;195.31248165257566;0.19127236888251056;0.00022588660492432798;0.0;83438095;557131136;0.00779072942678594;0.005609926788013813;11;11;32;7.473599999684666;0.0;4554
2025-11-26 18:30:37;DESKTOP-J1U1KVK;50.1;95.4;8459812864;8069693440;66.0;239447568384;158059868160;81387700224;365.49016053004846;0.0;0.00025933609958506224;0;83439239;557132189;0.00788067992006182;0.008561726332906668;13;15;32;5.684199999450357;0.0;4555
2025-11-26 18:30:38;DESKTOP-J1U1KVK;72.2;95.9;8459812864;8109879296;66.0;239447568384;158059868160;81387700224;394.6080334982553;0.12481714379545113;0.00023807634314736926;0.0;83440383;557133565;0.010050629314753392;0.008356046465172878;15;15;32;6.089500000598491;0.0;4556
2025-11-26 18:30:39;DESKTOP-J1U1KVK;76.2;93.4;8459812864;7904104448;66.0;239447568384;158059868160;81387700224;269.16758183412196;6.466975926796891;0.00025896672277612325;0.0;83440983;557134267;0.0051011459321039345;0.004359953788123021;8;9;32;26.843399999961548;0.0;4558
2025-11-26 18:30:41;DESKTOP-J1U1KVK;78.7;89.6;8459812864;7580459008;66.0;239447568384;158059868160;81387700224;78.85228200188104;0.7968591931160243;0.000474158368895211;0.0;83441661;557135041;0.0056007333776822215;0.0049060687726983805;9;10;32;5.596699999841803;0.0;4559
2025-11-26 18:30:42;DESKTOP-J1U1KVK;44.0;88.3;8459812864;7473221632;66.0;239447568384;158059868160;81387700224;65.9193756630967;12.018345079799717;0.0;0.0;83545383;557173891;0.2952905153219435;0.7883686700186004;138;92;35;27.796899999884772;0.0;4560
2025-11-26 18:30:43;DESKTOP-J1U1KVK;39.9;82.9;8459812864;7015391232;66.0;239447568384;158059868160;81387700224;10.449485900748831;224.1883075532126;0.0;0.0009487666034155598;83546366;557175406;0.011287791750301252;0.007324025934353882;14;13;35;15.287899999748333;0.0;4561
2025-11-26 18:30:44;DESKTOP-J1U1KVK;12.2;83.0;8459812864;7022465024;66.0;239447568384;158059311104;81388257280;40.40713493231181;0.2408736895590292;0.0;0.0;83547662;557177622;0.016700440280056482;0.009767044495917511;11;12;35;26.029100000414473;0.0;4562
2025-11-26 18:30:45;DESKTOP-J1U1KVK;18.1;83.0;8459812864;7023661056;66.0;239447568384;158059311104;81388257280;0.7071912549378896;0.14854661669442784;0.0;0.0;83548448;557178168;0.005917832610596307;0.0064327512110138926;10;14;35;6.047200000466546;0.0;4563
2025-11-26 18:30:46;DESKTOP-J1U1KVK;14.5;82.8;8459812864;7007772672;66.0;239447568384;158059311104;81388257280;3.973650251910875;0.06604147188335022;0.0;0.0;83549228;557183567;0.03922208640447856;0.005359539757133716;22;10;35;6.677000000308908;0.0;4564
2025-11-26 18:30:47;DESKTOP-J1U1KVK;16.0;84.0;8459812864;7109660672;66.0;239447568384;158059311104;81388257280;122.82204238923373;0.06272546822883444;0.00030193236714975844;0.0;83549830;557187921;0.03313984000171056;0.0045820357558635175;17;9;35;6.453699999838136;0.0;4565
2025-11-26 18:30:48;DESKTOP-J1U1KVK;21.3;85.1;8459812864;7196921856;66.0;239447568384;158059507712;81388060672;69.47231223734076;0.34552479965092503;0.0004805382027871216;0.0;83550845;557189158;0.009966452548216143;0.008293973859728309;17;15;32;7.080800000039744;0.0;4566
2025-11-26 18:30:49;DESKTOP-J1U1KVK;6.8;85.1;8459812864;7200653312;66.0;239447568384;158059507712;81388060672;1.0622386387834672;0.1494933748637572;0.0;0.0;83551549;557189830;0.004551608523611457;0.0047799500883411285;8;9;32;6.262300000344112;0.0;4567
2025-11-26 18:30:50;DESKTOP-J1U1KVK;12.9;85.1;8459812864;7201292288;66.0;239447568384;158059573248;81387995136;3.0995771455316894;0.21196868301776398;0.0;0.0;83552077;557190330;0.0038100401606813764;0.004023402409679534;7;8;32;13.995100000101957;0.0;4568
2025-11-26 18:30:51;DESKTOP-J1U1KVK;19.3;85.4;8459812864;7223357440;66.0;239447568384;158059577344;81387991040;0.8570545230399883;0.8460194862626493;0.0;0.0;83552782;557191285;0.007197776527691301;0.005313541834578395;9;10;32;7.4438999999983935;0.0;4569
2025-11-26 18:30:52;DESKTOP-J1U1KVK;13.0;85.4;8459812864;7226064896;66.0;239447568384;158059577344;81387991040;3.6731196350964295;0.07465690315236645;0.0;0.0;83553483;557191940;0.00501221200585422;0.005364214681074517;9;10;32;5.309000000124797;0.0;4570
2025-11-26 18:30:53;DESKTOP-J1U1KVK;21.4;86.2;8459812864;7291195392;66.0;239447568384;158059708416;81387859968;42.86475998141159;0.2816225860503342;0.0;0.0;83559668;557199207;0.05365223447767527;0.045663832426643944;22;22;31;6.486899999799789;0.0;4571
2025-11-26 18:30:54;DESKTOP-J1U1KVK;6.7;86.3;8459812864;7302389760;66.0;239447568384;158059679744;81387888640;6.062495090278921;0.6126890435295739;0.0;0.0;83564848;557206941;0.05911832742679682;0.03959567314078194;26;28;32;13.607799999590497;0.0;4572
2025-11-26 18:30:55;DESKTOP-J1U1KVK;16.0;86.5;8459812864;7321894912;66.0;239447568384;158059745280;81387823104;3.0585473997502395;0.13209673155067478;0.0;0.0;83565689;557208032;0.008256451748236129;0.006364505884753973;9;11;32;6.1763000003338675;0.0;4573
2025-11-26 18:30:56;DESKTOP-J1U1KVK;10.6;86.7;8459812864;7337598976;66.0;239447568384;158059745280;81387823104;1.5124959187139282;0.2935802888904185;0.0;0.0;83566291;557209214;0.008991311916658973;0.00457933144993968;11;9;32;7.168400000409747;0.0;4574
2025-11-26 18:30:57;DESKTOP-J1U1KVK;17.1;86.7;8459812864;7336255488;66.0;239447568384;158059679744;81387888640;0.950070499916327;0.1450205459754863;0.0;0.0;83566995;557210218;0.007646896918362973;0.005361967560286387;11;10;32;5.231099999946309;0.0;4575
2025-11-26 18:30:58;DESKTOP-J1U1KVK;15.4;86.8;8459812864;7340261376;66.0;239447568384;158059679744;81387888640;0.4305934649382719;0.21297672457614955;0.0;0.0;83568110;557210718;0.0037970185999797726;0.008467351477954892;7;12;32;29.05029999965336;0.0;4577
2025-11-26 18:31:00;DESKTOP-J1U1KVK;13.6;86.7;8459812864;7336914944;66.0;239447568384;158059679744;81387888640;3.8441264550865006;0.37871161051169977;0.0;0.0;83568925;557211278;0.004149513261167294;0.0060390237640202595;8;11;32;7.65030000002298;0.0;4578
2025-11-26 18:31:01;DESKTOP-J1U1KVK;10.1;86.8;8459812864;7340007424;66.0;239447568384;158059679744;81387888640;0.22700143518494326;0.260028283336851;0.0;0.0;83569975;557212678;0.010647001148551773;0.012723166372519369;17;15;32;23.111399999834248;0.0;4579
2025-11-26 18:31:02;DESKTOP-J1U1KVK;9.2;86.8;8459812864;7343550464;66.0;239447568384;158059745280;81387823104;1.0933912652733988;0.10604798225059721;0.04;0.0;83571274;557213693;0.007627087281115673;0.0050797152729400935;10;10;32;8.201300000109768;0.0;4580
2025-11-26 18:31:03;DESKTOP-J1U1KVK;13.3;86.8;8459812864;7344246784;66.0;239447568384;158059745280;81387823104;0.16768677462726164;0.023289829809341894;0.0;0.0;83572054;557214360;0.005094981395584241;0.005958149158254435;9;11;32;17.759899999873596;0.0;4581
2025-11-26 18:31:04;DESKTOP-J1U1KVK;23.2;87.4;8459812864;7394488320;66.0;239447568384;158059745280;81387823104;21.085652581553404;0.010538931468277555;0.0;0.0;83599095;557227698;0.10409710543138695;0.20076240811897142;55;33;32;7.49679999989894;0.0;4582
2025-11-26 18:31:05;DESKTOP-J1U1KVK;26.4;87.4;8459812864;7395004416;66.0;239447568384;158059941888;81387626496;29.234949844877015;0.14157139546225747;0.0;0.0;83648338;557261060;0.2473724818286503;0.3726686781008079;94;56;32;13.47390000046289;0.0;4583
2025-11-26 18:31:06;DESKTOP-J1U1KVK;39.4;83.5;8459812864;7065485312;66.0;239447568384;158059941888;81387626496;8.398708210265154;335.15733993794834;0.0;0.0026997840172786176;83679331;557285068;0.18419458880324427;0.2336775640924662;64;36;32;5.680999999640335;0.0;4584
2025-11-26 18:31:07;DESKTOP-J1U1KVK;59.6;84.8;8459812864;7171174400;66.0;239447568384;158060072960;81387495424;98.6496676820491;28.593612398252485;0.00016869095816464237;0.017543859649122806;83688604;557296959;0.0864321935616777;0.06988279108007997;38;34;33;10.052700000414916;0.0;4585
2025-11-26 18:31:08;DESKTOP-J1U1KVK;41.3;85.5;8459812864;7229984768;66.0;239447568384;158060077056;81387491328;110.66251500516528;0.1792069229451473;0.00020622808826562179;0.0;83692036;557301346;0.032369554504518686;0.025323070676888108;21;19;33;6.376199999976961;0.0;4586
2025-11-26 18:31:09;DESKTOP-J1U1KVK;15.3;85.2;8459812864;7207620608;66.0;239447568384;158060077056;81387491328;65.70282043255173;0.07522798336306528;0.0;0.0;83719397;557311514;0.07745445418333885;0.2084216483979479;39;20;33;5.639099999825703;0.0;4587
2025-11-26 18:31:10;DESKTOP-J1U1KVK;8.4;85.2;8459812864;7206043648;66.0;239447568384;158060077056;81387491328;2.2426127392109487;0.015215094653363756;0.0;0.0;83735932;557319745;0.06214302654320118;0.12483719400945589;27;20;33;8.164700000634184;0.0;4588
2025-11-26 18:31:11;DESKTOP-J1U1KVK;7.4;85.2;8459812864;7207137280;66.0;239447568384;158060077056;81387491328;2.098691230205254;0.33176468825624794;0.0;0.0;83752173;557328266;0.0650778001817372;0.12403808857547163;28;21;33;9.355000000141445;0.0;4589
2025-11-26 18:31:12;DESKTOP-J1U1KVK;7.8;85.2;8459812864;7210528768;66.0;239447568384;158060068864;81387499520;1.6085643051298484;0.5083341743483937;0.009259259259259259;0.0;83752878;557329046;0.005933332166949638;0.005362819458589095;10;10;33;13.96389999990788;0.0;4590
2025-11-26 18:31:13;DESKTOP-J1U1KVK;6.1;85.1;8459812864;7199420416;66.0;239447568384;158060068864;81387499520;2.7240013618720873;0.1045213504301832;0.0;0.0;83753534;557329910;0.006519250369205657;0.00494980120624874;11;10;32;7.414299999254581;0.0;4591
2025-11-26 18:31:14;DESKTOP-J1U1KVK;14.2;85.3;8459812864;7215206400;66.0;239447568384;158059937792;81387630592;20.692491198438177;0.6655099930467251;0.0;0.0;83754464;557330606;0.005629336276979005;0.007055637112655627;11;13;32;20.121999999901163;0.0;4592
2025-11-26 18:31:15;DESKTOP-J1U1KVK;18.8;84.8;8459812864;7174213632;66.0;239447568384;158059937792;81387630592;0.29240898781955704;0.0;0.0;0;83755169;557332795;0.016063698599135673;0.005284604532146827;9;10;32;15.752899999824876;0.0;4594
2025-11-26 18:31:17;DESKTOP-J1U1KVK;12.5;85.1;8459812864;7200051200;66.0;239447568384;158059954176;81387614208;12.400393016125669;0.016215114532033118;0.0;0.0;83758743;557335412;0.019871312937012414;0.027137971890287497;16;19;32;24.306700000124692;0.0;4595
2025-11-26 18:31:18;DESKTOP-J1U1KVK;4.8;85.0;8459812864;7187705856;66.0;239447568384;158059954176;81387614208;0.5185447733653705;0.15078252275163256;0.0;0.0;83759345;557335912;0.003766103150930098;0.004534388193719838;7;9;32;6.943000000319444;0.0;4596
2025-11-26 18:31:19;DESKTOP-J1U1KVK;9.1;85.0;8459812864;7191449600;66.0;239447568384;158059954176;81387614208;0.7055746881194039;0.19692626877406644;0.0;0.0;83760125;557336858;0.007222092120225689;0.005954790543103633;11;11;32;7.14479999987816;0.0;4597
2025-11-26 18:31:20;DESKTOP-J1U1KVK;8.4;85.0;8459812864;7191166976;66.0;239447568384;158059954176;81387614208;0.5889245401774004;0.02329606567157438;0.0;0.0;83769198;557344824;0.060836101178001416;0.06929022671202696;25;25;32;18.632199999956356;0.0;4598
2025-11-26 18:31:21;DESKTOP-J1U1KVK;17.6;85.4;8459812864;7224713216;66.0;239447568384;158059954176;81387614208;45.24612339324249;0.0036737677324815273;0.0;0.0;83770282;557346304;0.011143671001937675;0.008161986058175972;12;14;32;7.486200000130339;0.0;4599
2025-11-26 18:31:22;DESKTOP-J1U1KVK;10.1;85.4;8459812864;7226613760;66.0;239447568384;158059954176;81387614208;5.362875004397311;0.3547318362283638;0.0;0.0;83771453;557350071;0.034149499768549633;0.008930117067657799;23;13;32;7.6730000000679865;0.0;4600
2025-11-26 18:31:23;DESKTOP-J1U1KVK;16.9;85.1;8459812864;7199793152;66.0;239447568384;158059954176;81387614208;1.4132549419464802;0.2723677174252803;0.0;0.0;83772109;557355924;0.03902189517629939;0.004978289232915675;19;10;32;12.04649999999674;0.0;4601
2025-11-26 18:31:24;DESKTOP-J1U1KVK;9.7;85.3;8459812864;7212994560;66.0;239447568384;158059954176;81387614208;0.5834708768681167;0.10893918270638889;0.06666666666666667;0.0;83773532;557357111;0.008972118028324814;0.01075595952342562;15;19;32;7.656699999643024;0.0;4602
2025-11-26 18:31:25;DESKTOP-J1U1KVK;8.9;85.3;8459812864;7215939584;66.0;239447568384;158059958272;81387610112;1.713199100836351;0.014897383485533487;0.0;0.0;83774134;557357611;0.0038180103374530062;0.00459688444629342;7;9;32;8.121599999867612;0.0;4603
2025-11-26 18:31:26;DESKTOP-J1U1KVK;11.6;85.3;8459812864;7213797376;66.0;239447568384;158059958272;81387610112;1.6705100947365745;0.05606982564857851;0.0;0.0;83774886;557358587;0.007403837820300319;0.005704596353346148;10;11;32;6.910399999469519;0.0;4604
2025-11-26 18:31:27;DESKTOP-J1U1KVK;22.4;85.4;8459812864;7222419456;66.0;239447568384;158060482560;81387085824;3.5412038010471103;0.03429961796825735;0.0;0.0;83775843;557361046;0.018682700561955232;0.007270981877914257;13;13;32;63.43310000011115;0.0;4605
2025-11-26 18:31:28;DESKTOP-J1U1KVK;13.3;85.4;8459812864;7228530688;66.0;239447568384;158060482560;81387085824;0.7001515513570785;0.33204423446896625;0.0;0.0;83779235;557361920;0.006292613172313361;0.024421674920465587;11;14;32;20.21340000010241;0.0;4606
2025-11-26 18:31:29;DESKTOP-J1U1KVK;8.8;85.5;8459812864;7229878272;66.0;239447568384;158060482560;81387085824;0.7716281986333751;0.3593008081314175;0.0;0.0;83780212;557365229;0.024756424353841427;0.007309467087852244;14;13;32;18.757300000288524;0.0;4607
2025-11-26 18:31:32;DESKTOP-J1U1KVK;18.3;86.1;8459812864;7288123392;66.0;239447568384;158060544000;81387024384;2.2817672021887043;0.12348673474921541;0.0;0.0;83854480;557377553;0.04097368012900474;0.2469192856070208;63;39;33;6.4277000001311535;0.0;4610
2025-11-26 18:31:33;DESKTOP-J1U1KVK;8.5;86.2;8459812864;7292252160;66.0;239447568384;158060544000;81387024384;3.6151005671163965;0.17757732878803395;0.0;0.0;83855485;557378769;0.009307628409011426;0.00769257117685566;14;13;33;13.153799999599869;0.0;4611
2025-11-26 18:31:34;DESKTOP-J1U1KVK;9.3;86.2;8459812864;7290466304;66.0;239447568384;158060544000;81387024384;0.9017113489151068;0.010121249834761403;0.0;0.0;83856277;557379419;0.004902562050643685;0.005973583298630458;9;10;33;6.57969999974739;0.0;4612
2025-11-26 18:31:35;DESKTOP-J1U1KVK;9.8;86.2;8459812864;7289106432;66.0;239447568384;158060544000;81387024384;0.4535980983552546;0.014872068798532938;0.0;0.0;83864072;557383513;0.03114577204609412;0.05930173255967359;29;42;44;8.034999999836145;0.0;4613
2025-11-26 18:31:36;DESKTOP-J1U1KVK;17.1;86.1;8459812864;7287824384;66.0;239447568384;158060601344;81386967040;1.0691005356802425;0.0;0.0;0;83877915;557671485;2.1907557853354866;0.10531104529745651;94;66;44;7.226499999887892;0.0;4614
2025-11-26 18:31:37;DESKTOP-J1U1KVK;11.5;86.1;8459812864;7287881728;66.0;239447568384;158060601344;81386967040;0.9660496234936856;0.21493671642402948;0.0;0.0;83888784;557958444;2.1957909587641367;0.08316885663390032;89;52;39;6.668099999842525;0.0;4615
2025-11-26 18:31:38;DESKTOP-J1U1KVK;12.5;86.2;8459812864;7291367424;66.0;239447568384;158060601344;81386967040;0.21357677096531183;0.04343934324718207;0.0;0.0;83890264;557962234;0.028075839212473277;0.010963652251836532;21;19;39;13.135199999851466;0.0;4616
2025-11-26 18:31:39;DESKTOP-J1U1KVK;18.5;86.2;8459812864;7291514880;66.0;239447568384;158060601344;81386967040;0.9314278004008664;0.13999138071501116;0.0;0.0;83891050;557963330;0.008293873270034639;0.005947978458254769;10;12;39;7.264799999575189;0.0;4617
2025-11-26 18:31:40;DESKTOP-J1U1KVK;11.9;86.4;8459812864;7308541952;66.0;239447568384;158060601344;81386967040;1.927547773282958;0.028880609459531997;0.0;0.0;83892049;557972800;0.07221440969150633;0.0076179720466541525;32;13;39;7.996800000000803;0.0;4618
2025-11-26 18:31:41;DESKTOP-J1U1KVK;25.6;87.3;8459812864;7386951680;66.0;239447568384;158060732416;81386835968;12.044754634597812;0.0037013804431599313;0.0;0.0;84121992;558010334;0.2848108169530802;1.7448247903938325;160;123;42;5.43409999954747;0.0;4619
2025-11-26 18:31:42;DESKTOP-J1U1KVK;13.1;85.9;8459812864;7268900864;66.0;239447568384;158060732416;81386835968;0.6281657159070884;0.25051847003437455;0.0;0.0;84138483;558034788;0.18656700760756587;0.12711946842059632;67;43;42;30.172899999342917;0.0;4620
2025-11-26 18:31:43;DESKTOP-J1U1KVK;38.6;82.4;8459812864;6967857152;66.0;239447568384;158060736512;81386831872;1.9054431755667762;29.54742636969983;0.0;0.0;84139312;558035457;0.004950865527297299;0.004869461161377612;8;10;36;7.338999999774387;0.0;4621
2025-11-26 18:31:44;DESKTOP-J1U1KVK;24.3;79.9;8459812864;6758424576;66.0;239447568384;158060736512;81386831872;0.5773685131493032;0.03305900357548429;0.0;0.0;84161016;558039101;0.028401672950139383;0.16570696497575946;30;27;36;24.308600000040315;0.0;4622
2025-11-26 18:31:45;DESKTOP-J1U1KVK;8.0;79.9;8459812864;6762680320;66.0;239447568384;158060736512;81386831872;0.9879765565662804;0.0;0.0;0;84165799;558042549;0.02525413754630166;0.035821631045065486;20;24;36;7.623200000125507;0.0;4623
2025-11-26 18:31:46;DESKTOP-J1U1KVK;9.3;80.0;8459812864;6764007424;66.0;239447568384;158060736512;81386831872;0.171957527651023;0.01869103561424163;0.0;0.0;84166670;558044150;0.012260853291446116;0.006670333052373247;12;12;36;22.858700000142562;0.0;4624
2025-11-26 18:31:48;DESKTOP-J1U1KVK;8.8;79.9;8459812864;6761529344;66.0;239447568384;158060736512;81386831872;0.08394170779488352;0.012317533209031822;0.0;0.0;84167614;558044650;0.0037400836357501595;0.007061277904296301;7;11;36;6.639799999902607;0.0;4626
2025-11-26 18:31:49;DESKTOP-J1U1KVK;11.9;79.9;8459812864;6761799680;66.0;239447568384;158060736512;81386831872;0.5338114468190519;0.10218942906763318;0.0;0.0;84168699;558047813;0.023205339282252956;0.007960098995018797;21;15;33;14.879999999720894;0.0;4627
2025-11-26 18:31:50;DESKTOP-J1U1KVK;17.4;80.0;8459812864;6768136192;66.0;239447568384;158060736512;81386831872;0.8188774538503073;0.40203398399140083;0.0;0.0;84169301;558048313;0.0037041656954801576;0.004459815497358109;7;9;33;19.347800000105053;0.0;4628
2025-11-26 18:31:51;DESKTOP-J1U1KVK;18.5;80.0;8459812864;6765051904;66.0;239447568384;158060400640;81387167744;1.6763626506337266;0.06954342873808037;0.0;0.0;84170046;558049336;0.007636139091938251;0.005561020159818179;10;10;33;7.040299999971467;0.0;4629
2025-11-26 18:31:52;DESKTOP-J1U1KVK;14.0;80.0;8459812864;6771965952;66.0;239447568384;158060736512;81386831872;6.662488083232588;0.8169375740948511;0.0;0.0;84173436;558051613;0.016776718600577476;0.0249771963355106;15;16;32;8.338999999978114;0.0;4630
2025-11-26 18:31:53;DESKTOP-J1U1KVK;23.9;80.1;8459812864;6778925056;66.0;239447568384;158060736512;81386831872;1.8395075622733021;0.05273817552389055;0.0;0.0;84176605;558053780;0.015295045899690735;0.022367328313853223;14;16;32;6.979199999477714;0.0;4631
2025-11-26 18:31:54;DESKTOP-J1U1KVK;17.6;80.2;8459812864;6786564096;66.0;239447568384;158060736512;81386831872;0.5097731388360939;0.13615343726107904;0.0;0.0;84177917;558054936;0.008690754063876819;0.010419883332641237;15;18;32;7.003299999269075;0.0;4632
2025-11-26 18:31:55;DESKTOP-J1U1KVK;10.6;80.2;8459812864;6788100096;66.0;239447568384;158060736512;81386831872;0.35631579727512963;0.060777824795627586;0.0;0.0;84178519;558055436;0.003801703524339535;0.0045772510433048;7;9;32;18.809600000167848;0.0;4633
2025-11-26 18:31:56;DESKTOP-J1U1KVK;15.3;80.2;8459812864;6788231168;66.0;239447568384;158060736512;81386831872;0.37705440913581534;0.0;0.0;0;84179121;558056240;0.006031886849606508;0.003961239125114722;8;8;32;17.20389999991312;0.0;4634
2025-11-26 18:31:57;DESKTOP-J1U1KVK;21.7;80.3;8459812864;6793191424;66.0;239447568384;158060736512;81386831872;0.3269707711348144;0.043626718058718206;0.0;0.0;84179962;558057605;0.010262035243514036;0.006322616585930627;9;11;32;15.027599999484664;0.0;4635
2025-11-26 18:31:58;DESKTOP-J1U1KVK;18.7;80.4;8459812864;6798966784;66.0;239447568384;158060736512;81386831872;0.22351519691076677;0.10725124367895664;0.0;0.0;84181105;558066759;0.06761191506743268;0.008442256819103731;35;15;32;18.106100000295555;0.0;4636
2025-11-26 18:31:59;DESKTOP-J1U1KVK;14.0;80.3;8459812864;6794604544;66.0;239447568384;158060736512;81386831872;0.30861924525624407;0.23881251121018887;0.0;0.0;84181761;558069686;0.022049547638678006;0.004941750341979082;13;10;32;5.852600000253005;0.0;4637
2025-11-26 18:32:00;DESKTOP-J1U1KVK;15.4;80.3;8459812864;6794780672;66.0;239447568384;158060740608;81386827776;9.600281446776489;0.06323315947121283;0.0;0.0;84187663;558076491;0.05180451275928453;0.04493023281488572;32;29;32;7.753799999591138;0.0;4638
2025-11-26 18:32:01;DESKTOP-J1U1KVK;12.7;80.3;8459812864;6795927552;66.0;239447568384;158060675072;81386893312;0.23769473378753322;0.05988793097381208;0.0;0.0;84188191;558077733;0.009444477290575634;0.004015043485848579;9;8;32;5.306900000505266;0.0;4639
2025-11-26 18:32:03;DESKTOP-J1U1KVK;14.0;80.3;8459812864;6796656640;66.0;239447568384;158060675072;81386893312;0.4167521206968713;0.6381516848170842;0.0;0.0;84188793;558078233;0.003810464449890474;0.00458779919766813;7;9;32;27.794599999651837;0.0;4641
2025-11-26 18:32:04;DESKTOP-J1U1KVK;12.8;80.3;8459812864;6797033472;66.0;239447568384;158060740608;81386827776;0.6898690713898709;0.16565934937980453;0.0;0.0;84189696;558079486;0.009315531474112067;0.006713427710393613;11;12;32;6.262400000196067;0.0;4642
2025-11-26 18:32:05;DESKTOP-J1U1KVK;11.9;80.3;8459812864;6795317248;66.0;239447568384;158060740608;81386827776;0.9909834513810654;0.005122564833266786;0.0;0.0;84190673;558080646;0.008849512795227563;0.007453425862877007;11;14;32;11.710800000400923;0.0;4643
2025-11-26 18:32:06;DESKTOP-J1U1KVK;14.4;80.3;8459812864;6796374016;66.0;239447568384;158060740608;81386827776;0.956986853569843;0.014779719746252402;0.0;0.0;84191287;558082080;0.010871570757179788;0.0046549124441481095;10;9;32;6.22529999964172;0.0;4644
2025-11-26 18:32:07;DESKTOP-J1U1KVK;14.4;80.3;8459812864;6797152256;66.0;239447568384;158060740608;81386827776;0.38539862408158937;0.015286243503236116;0.0;0.0;84192282;558083318;0.009384516343974395;0.007542482845116739;11;13;32;6.454100000155449;0.0;4645
2025-11-26 18:32:08;DESKTOP-J1U1KVK;9.4;80.4;8459812864;6798286848;66.0;239447568384;158060740608;81386827776;0.5737540366227709;0.011567621706104252;0.0;0.0;84201706;558092979;0.07323955887582763;0.07144287370311557;33;28;32;10.199899999861373;0.0;4646
2025-11-26 18:32:09;DESKTOP-J1U1KVK;11.6;80.4;8459812864;6799212544;66.0;239447568384;158060740608;81386827776;0.23645460345896843;0.11222357156353385;0.0;0.0;84202678;558093635;0.0049699981817091735;0.007364082671678837;9;11;32;6.721599999764294;0.0;4647
2025-11-26 18:32:10;DESKTOP-J1U1KVK;12.5;80.3;8459812864;6796804096;66.0;239447568384;158060740608;81386827776;0.5317041928764363;0.0;0.0;0;84203622;558094135;0.0038040145096530672;0.007181979394224991;7;11;32;6.673899999441346;0.0;4648
2025-11-26 18:32:11;DESKTOP-J1U1KVK;11.5;80.4;8459812864;6799937536;66.0;239447568384;158060740608;81386827776;0.5899779584827802;0.3256010431249306;0.0;0.0;84206258;558098453;0.032801651705209746;0.020024352453666718;20;16;32;6.454999999732536;0.0;4649
2025-11-26 18:32:12;DESKTOP-J1U1KVK;11.2;80.4;8459812864;6798528512;66.0;239447568384;158060740608;81386827776;0.1520058195598623;0.09546706960162084;0.0;0.0;84207037;558099369;0.0069562509908004866;0.0059158510063685365;12;11;32;35.26710000005551;0.0;4650
2025-11-26 18:32:13;DESKTOP-J1U1KVK;13.1;80.3;8459812864;6796693504;66.0;239447568384;158060740608;81386827776;0.4896141978497613;0.10319423330592596;0.0;0.0;84207681;558099929;0.004098600995612941;0.004713391144954881;8;10;32;6.522699999550241;0.0;4651
2025-11-26 18:32:14;DESKTOP-J1U1KVK;16.1;80.4;8459812864;6798385152;66.0;239447568384;158060740608;81386827776;0.582593598285104;0.01066851334439283;0.0;0.0;84208581;558100597;0.005069834503679437;0.0068306153492687025;10;13;32;5.914600000323844;0.0;4652
2025-11-26 18:32:15;DESKTOP-J1U1KVK;22.8;80.6;8459812864;6816235520;66.0;239447568384;158060740608;81386827776;0.30855052364696345;0.0;0.0;0;84209354;558101211;0.004653423231304531;0.005858462797717267;9;10;32;15.837599999940721;0.0;4653
2025-11-26 18:32:16;DESKTOP-J1U1KVK;31.0;81.3;8459812864;6877450240;66.0;239447568384;158060761088;81386807296;6.567744004000852;0.1138066317071137;0.0;0.0;84210600;558110596;0.0702610805551812;0.009328215916010204;35;16;32;7.523600000240549;0.0;4654
2025-11-26 18:32:17;DESKTOP-J1U1KVK;17.1;81.3;8459812864;6881591296;66.0;239447568384;158060761088;81386807296;2.9855205884741456;0.5348981263308011;0.0;0.0;84211276;558112356;0.013317676235743682;0.005115198372365188;12;10;32;6.6948000003321795;0.0;4655
2025-11-26 18:32:18;DESKTOP-J1U1KVK;12.3;81.4;8459812864;6886739968;66.0;239447568384;158060765184;81386803200;0.4753493342253969;0.18429070867918218;0.0;0.0;84211978;558114014;0.01261649618289809;0.005341845790346477;12;10;32;6.550300000526477;0.0;4656
2025-11-26 18:32:19;DESKTOP-J1U1KVK;12.2;81.4;8459812864;6886195200;66.0;239447568384;158060765184;81386803200;1.5262135817538438;0.0;0.0;0;84212897;558116248;0.017066089750333673;0.007020472909828401;16;13;32;6.486799999947834;0.0;4657
2025-11-26 18:32:20;DESKTOP-J1U1KVK;16.3;81.4;8459812864;6884155392;66.0;239447568384;158060765184;81386803200;1.2852105494024602;0.04178791526236323;0.0;0.0;84213798;558118093;0.013994739646642875;0.006834287491395789;14;12;32;7.160999999541673;0.0;4659
2025-11-26 18:32:22;DESKTOP-J1U1KVK;22.6;81.4;8459812864;6890012672;66.0;239447568384;158060765184;81386803200;0.6980170375561556;0.06775963263510552;0.0;0.0;84214486;558120475;0.01815445520105022;0.005243604189052289;10;10;32;7.602800000313437;0.0;4660
2025-11-26 18:32:23;DESKTOP-J1U1KVK;27.0;81.0;8459812864;6850822144;66.0;239447568384;158060765184;81386803200;3.29956585658955;0.15251657285250456;0.0;0.0;84215088;558121035;0.00426230855765141;0.004581981699475265;8;9;32;6.056100000023434;0.0;4661
2025-11-26 18:32:24;DESKTOP-J1U1KVK;17.8;81.0;8459812864;6848663552;66.0;239447568384;158060765184;81386803200;0.28579477230916933;0.06680916755279283;0.0;0.0;84215690;558121595;0.004262789963680299;0.004582499210956323;8;9;32;7.239800000206742;0.0;4662
2025-11-26 18:32:25;DESKTOP-J1U1KVK;16.0;81.0;8459812864;6850482176;66.0;239447568384;158060765184;81386803200;0.8262316046905186;0.018525372302477996;0.0;0.0;84216600;558122495;0.006687017489893713;0.006761317684225865;13;12;32;5.956099999821163;0.0;4663
2025-11-26 18:32:26;DESKTOP-J1U1KVK;17.3;81.1;8459812864;6860587008;66.0;239447568384;158060765184;81386803200;0.7786904876280915;0.005407572830750635;0.0;0.0;84224329;558123988;0.011261581920364912;0.05829924089919651;16;42;32;7.420699999784119;0.0;4664
2025-11-26 18:32:27;DESKTOP-J1U1KVK;17.5;81.1;8459812864;6862131200;66.0;239447568384;158060765184;81386803200;2.6685185529097684;0.06523250970185114;0.0;0.0;84235355;558125252;0.009531893714488576;0.08314767412654353;17;44;32;13.989799999762909;0.0;4665
2025-11-26 18:32:28;DESKTOP-J1U1KVK;19.0;81.2;8459812864;6871695360;66.0;239447568384;158060765184;81386803200;0.3512068262618501;0.25151530526564786;0.0;0.0;84236209;558126074;0.008250681448131871;0.007001034440476861;13;13;32;6.606999999348773;0.0;4666
2025-11-26 18:32:29;DESKTOP-J1U1KVK;12.4;81.2;8459812864;6870740992;66.0;239447568384;158060765184;81386803200;0.17860293072634537;0.35720586145269073;0.0;0.0;84237064;558127106;0.005770819845645736;0.005930697440314021;10;11;32;6.441199999244418;0.0;4667
2025-11-26 18:32:30;DESKTOP-J1U1KVK;13.0;81.1;8459812864;6860312576;66.0;239447568384;158060765184;81386803200;0.1743177615242358;0.025034997665714716;0.0;0.0;84237694;558128063;0.007262881297709395;0.004781207123883928;9;9;32;12.522699999863107;0.0;4668
2025-11-26 18:32:31;DESKTOP-J1U1KVK;20.2;81.2;8459812864;6866726912;66.0;239447568384;158060765184;81386803200;0.6421587157312736;0.3774975878905987;0.0;0.0;84238746;558129388;0.009951714469166999;0.007901285752123535;14;14;32;20.252899999832152;0.0;4669
2025-11-26 18:32:32;DESKTOP-J1U1KVK;13.9;81.0;8459812864;6853513216;66.0;239447568384;158060765184;81386803200;0.33363622907784984;0.31851260880371657;0.0;0.0;84239423;558131466;0.015596689718944979;0.005081308440676492;9;10;32;14.999799999714014;0.0;4670
2025-11-26 18:32:33;DESKTOP-J1U1KVK;11.0;81.1;8459812864;6863544320;66.0;239447568384;158060699648;81386868736;0.00728866713718691;0.040087669254528;0.0;0.0;84240242;558132185;0.005362322691190885;0.006108125568964304;9;11;32;10.8116000001246;0.0;4671
2025-11-26 18:32:34;DESKTOP-J1U1KVK;19.5;81.1;8459812864;6858645504;66.0;239447568384;158060699648;81386868736;0.3752564266542415;0.0;0.0;0;84243314;558141493;0.06805539993237318;0.022460914116056125;36;21;32;6.843400000434485;0.0;4672
2025-11-26 18:32:35;DESKTOP-J1U1KVK;15.0;81.2;8459812864;6865723392;66.0;239447568384;158060703744;81386864640;0.18393875730536927;0.015634794370956388;0.0;0.0;84243916;558142053;0.004215508460424629;0.004531671594956475;8;9;32;7.597700000587793;0.0;4673
2025-11-26 18:32:38;DESKTOP-J1U1KVK;18.3;81.1;8459812864;6864941056;66.0;239447568384;158060703744;81386864640;1.6969711990268443;0.005103979785330981;0.0;0.0;84333014;558156194;0.04741924386828524;0.29877376353698315;86;59;33;6.73579999966023;0.0;4676
2025-11-26 18:32:39;DESKTOP-J1U1KVK;12.3;81.2;8459812864;6865629184;66.0;239447568384;158060769280;81386799104;0.41844761923356316;0.0786903708735683;0.0;0.0;84333706;558157252;0.008022692542249464;0.005247356558824791;8;10;33;13.781900000140013;0.0;4677
2025-11-26 18:32:40;DESKTOP-J1U1KVK;35.4;81.2;8459812864;6865313792;66.0;239447568384;158060900352;81386668032;0.8769586923981455;0.0;0.0;0;84346264;558342004;1.3940277780138408;0.09475513572950664;85;62;41;7.67950000044948;0.0;4678
2025-11-26 18:32:41;DESKTOP-J1U1KVK;26.0;81.5;8459812864;6894284800;66.0;239447568384;158060695552;81386872832;3.5746209449671147;0.14059062127791222;0.0;0.0;84462667;558839108;3.7772808944407994;0.8844966605692016;204;140;45;13.985699999466306;0.0;4679
2025-11-26 18:32:42;DESKTOP-J1U1KVK;33.5;81.9;8459812864;6928224256;66.0;239447568384;158060716032;81386852352;4.903621670540107;0.13452819751575387;0.0;0.0;84560995;559267567;3.2002272879150575;0.7345939449871539;181;151;47;28.33009999994829;0.0;4680
2025-11-26 18:32:43;DESKTOP-J1U1KVK;35.1;83.0;8459812864;7020748800;66.0;239447568384;158060957696;81386610688;9.6741185753295;0.13555975360753103;0.0;0.0;84603513;559607774;2.5173781829242787;0.3143419340183803;123;69;44;18.1112000000212;0.0;4681
2025-11-26 18:32:44;DESKTOP-J1U1KVK;26.0;83.0;8459812864;7021469696;66.0;239447568384;158061334528;81386233856;0.3874145395688781;0.6706657359517842;0.0;0.0;84604646;559608972;0.008946668000954132;0.008461247783873983;15;16;44;8.062500000050932;0.0;4682
2025-11-26 18:32:45;DESKTOP-J1U1KVK;19.4;83.1;8459812864;7028031488;66.0;239447568384;158060957696;81386610688;0.25361230965746767;0.0;0.0;0;84605807;559609612;0.005314418719927185;0.00915344640712671;10;13;44;6.7204999995738035;0.0;4683
2025-11-26 18:32:46;DESKTOP-J1U1KVK;20.1;83.0;8459812864;7023689728;66.0;239447568384;158060957696;81386610688;0.2154702222411458;0.07894383142455773;0.0;0.0;84606622;559610646;0.007373403873245849;0.005789036098829385;10;11;44;6.392399999640475;0.0;4684
2025-11-26 18:32:47;DESKTOP-J1U1KVK;21.7;83.1;8459812864;7027380224;66.0;239447568384;158060957696;81386610688;0.1557144313359267;0.02131804714718044;0.0;0.0;84607387;559611272;0.004765990621808934;0.005824253715149896;9;12;43;24.40669999941747;0.0;4685
2025-11-26 18:32:48;DESKTOP-J1U1KVK;16.7;83.1;8459812864;7028408320;66.0;239447568384;158060957696;81386610688;0.16004856350651508;1.5045474336450522;0.0;0.0;84608649;559612655;0.0103058299755998;0.009404163000149637;18;16;34;5.938700000115205;0.0;4686
2025-11-26 18:32:49;DESKTOP-J1U1KVK;17.5;83.1;8459812864;7030059008;66.0;239447568384;158060957696;81386610688;0.7603562268775714;0.0;0.0;0;84609251;559613155;0.0037864656760198405;0.004558904673927888;7;9;32;6.2854000007064315;0.0;4687
2025-11-26 18:32:50;DESKTOP-J1U1KVK;17.9;83.1;8459812864;7029743616;66.0;239447568384;158060957696;81386610688;0.2525844440312484;0.11468448102154111;0.0;0.0;84609928;559613801;0.00492334143982608;0.005159600858765102;9;10;32;7.686399999329296;0.0;4689
2025-11-26 18:32:52;DESKTOP-J1U1KVK;22.1;83.2;8459812864;7038476288;66.0;239447568384;158060957696;81386610688;0.48263052824339575;0.2116149239221043;0.0;0.0;84610632;559614777;0.007421933295754881;0.005353525655954341;10;10;32;6.140200000118057;0.0;4690
2025-11-26 18:32:53;DESKTOP-J1U1KVK;15.3;83.2;8459812864;7040434176;66.0;239447568384;158060957696;81386610688;0.38580316526688163;0.5522735214337212;0.0;0.0;84611234;559622985;0.06243239319321947;0.004578984003693729;27;9;32;6.731299999955809;0.0;4691
2025-11-26 18:32:54;DESKTOP-J1U1KVK;14.8;83.2;8459812864;7042404352;66.0;239447568384;158060838912;81386729472;0.6560701166935541;0.05976909961403141;0.0;0.0;84612061;559625466;0.018827830926315327;0.0062759436421051095;12;11;32;7.331799999519717;0.0;4692
2025-11-26 18:32:55;DESKTOP-J1U1KVK;16.8;83.3;8459812864;7043301376;66.0;239447568384;158060838912;81386729472;0.1667657754434408;0.0;0.0;0;84613120;559626301;0.006333142043370277;0.008032092723268412;12;15;32;6.861099999696307;0.0;4693
2025-11-26 18:32:56;DESKTOP-J1U1KVK;22.3;83.2;8459812864;7039639552;66.0;239447568384;158060838912;81386729472;1.116631069012812;0.04544428769238189;0.0;0.0;84613722;559627105;0.006111861896244752;0.004576294603904653;8;9;32;7.258199999341741;0.0;4694
2025-11-26 18:32:57;DESKTOP-J1U1KVK;13.8;83.2;8459812864;7041323008;66.0;239447568384;158060838912;81386729472;0.22686220877965937;0.04927744698902437;0.0;0.0;84614399;559627691;0.004461957245922122;0.005154855043497058;8;10;32;6.943999999748485;0.0;4695
2025-11-26 18:32:58;DESKTOP-J1U1KVK;16.1;83.2;8459812864;7042424832;66.0;239447568384;158060838912;81386729472;0.3420996517843295;0.06089001954313473;0.0;0.0;84615205;559628595;0.006879245368092068;0.006133486467568813;12;11;32;5.7098000006590155;0.0;4696
2025-11-26 18:32:59;DESKTOP-J1U1KVK;12.5;83.2;8459812864;7042625536;66.0;239447568384;158060838912;81386729472;0.4011976349714815;0.0;0.0;0;84616203;559629332;0.0056089187134849405;0.007595252206320177;9;12;32;6.819799999902898;0.0;4697
2025-11-26 18:33:00;DESKTOP-J1U1KVK;17.4;83.2;8459812864;7042039808;66.0;239447568384;158060838912;81386729472;0.10751941364596626;0.01297648095727179;0.0;0.0;84616982;559630108;0.0058937678721321125;0.005916553057204788;9;11;32;15.397099999972852;0.0;4698
2025-11-26 18:33:01;DESKTOP-J1U1KVK;24.6;83.3;8459812864;7048773632;66.0;239447568384;158060838912;81386729472;0.49625641219155586;0.005513960135461731;0.0;0.0;84617830;559631777;0.012554600807034513;0.006378850499919273;11;11;32;7.152700000006007;0.0;4699
2025-11-26 18:33:02;DESKTOP-J1U1KVK;14.8;83.2;8459812864;7040782336;66.0;239447568384;158060838912;81386729472;0.8353894681907289;0.13397755621926785;0.0;0.0;84618474;559632337;0.004258590756272587;0.004897379369713475;8;10;32;6.385399999999208;0.0;4700
2025-11-26 18:33:03;DESKTOP-J1U1KVK;11.5;83.3;8459812864;7046701056;66.0;239447568384;158060838912;81386729472;0.15198248023063612;0.0;0.0;0;84619293;559633222;0.006717481695812397;0.00621651695917554;10;11;32;6.751400000212016;0.0;4701
2025-11-26 18:33:04;DESKTOP-J1U1KVK;16.6;83.2;8459812864;7037988864;66.0;239447568384;158060838912;81386729472;0.3487238659360228;0.005902877939021219;0.0;0.0;84620448;559634143;0.006847431548685165;0.008587169857471625;12;15;32;5.437900000288209;0.0;4702
2025-11-26 18:33:05;DESKTOP-J1U1KVK;24.4;83.4;8459812864;7055159296;66.0;239447568384;158060838912;81386729472;1.2567205548450455;0.010224797413680103;0.0;0.0;84621243;559636395;0.01717981543332057;0.006064810510430663;11;11;32;5.748499999754131;0.0;4703
2025-11-26 18:33:06;DESKTOP-J1U1KVK;10.7;83.5;8459812864;7060516864;66.0;239447568384;158060838912;81386729472;1.1111799010332883;0.13239392633548794;0.0;0.0;84622872;559637684;0.009796550572983028;0.012380590289673666;12;12;32;6.2656000000060885;0.0;4704
2025-11-26 18:33:07;DESKTOP-J1U1KVK;15.1;83.8;8459812864;7085142016;66.0;239447568384;158060838912;81386729472;1.226280961498197;0.08825506919873388;0.038461538461538464;0.0;84623830;559638540;0.0065269871092000645;0.007304735573146802;11;13;32;6.525799999508308;0.0;4705
2025-11-26 18:33:08;DESKTOP-J1U1KVK;17.6;83.4;8459812864;7058911232;66.0;239447568384;158060838912;81386729472;1.8844304269605965;0.12964140529458648;0.0;0.0;84624888;559639566;0.007775022966060814;0.008017518809056863;13;14;32;7.175000000643195;0.0;4706
2025-11-26 18:33:09;DESKTOP-J1U1KVK;8.6;83.2;8459812864;7041634304;66.0;239447568384;158060838912;81386729472;0.31901499848871656;0.10247429457268367;0.0;0.0;84625715;559640291;0.005508490150392555;0.006283477730171921;9;11;32;6.117500000073051;0.0;4708
2025-11-26 18:33:11;DESKTOP-J1U1KVK;28.3;84.0;8459812864;7102160896;66.0;239447568384;158060843008;81386725376;0.4572362887638403;0.1797602344938485;0.0;0.0;84626721;559649687;0.07079604010081313;0.0075799080823135394;34;13;32;5.868600000212609;0.0;4709
2025-11-26 18:33:12;DESKTOP-J1U1KVK;29.6;83.3;8459812864;7043858432;66.0;239447568384;158060974080;81386594304;0.4294133528909822;0.3789757931225371;0.0;0.0;84627575;559651405;0.013017772328031786;0.006470999748625812;15;12;32;6.170200000269688;0.0;4710
2025-11-26 18:33:13;DESKTOP-J1U1KVK;18.9;83.3;8459812864;7043244032;66.0;239447568384;158060974080;81386594304;0.20808357359244412;0.12262067729554743;0.0;0.0;84628279;559652439;0.007877429782837694;0.005363356447889494;12;10;32;7.2559000000183005;0.0;4711
2025-11-26 18:33:14;DESKTOP-J1U1KVK;21.5;83.0;8459812864;7020224512;66.0;239447568384;158060974080;81386594304;2.070370441314571;0.03950048868297538;0.0;0.0;84628807;559652863;0.0031545462619494194;0.0039283028922389;6;8;32;14.92199999938748;0.0;4712
2025-11-26 18:33:15;DESKTOP-J1U1KVK;52.9;84.4;8459812864;7142678528;66.0;239447568384;158062419968;81385148416;19.26455026626713;0.604552397068981;0.0;0.0;84653880;559687925;0.2631251609965551;0.1881620318768646;71;69;33;6.436800000301446;0.0;4713
2025-11-26 18:33:16;DESKTOP-J1U1KVK;44.6;84.8;8459812864;7174094848;66.0;239447568384;158062440448;81385127936;53.51917637962181;1.363709782749979;0.0;0.0;84655213;559698121;0.0768232066963809;0.01004367737605686;22;17;33;7.438999999976659;0.0;4714
2025-11-26 18:33:17;DESKTOP-J1U1KVK;28.8;85.3;8459812864;7215976448;66.0;239447568384;158062505984;81385062400;32.451616018099266;0.37520067622056585;0.0;0.0;84655816;559701523;0.025838995978036124;0.004579927858540795;9;9;33;19.07130000017787;0.0;4715
2025-11-26 18:33:18;DESKTOP-J1U1KVK;15.5;86.2;8459812864;7288406016;66.0;239447568384;158062505984;81385062400;2.8772283605191613;0.09541828746619668;0.0;0.0;84656644;559705139;0.027183619012856205;0.006224567627943843;12;12;33;9.505800000624731;0.0;4716
2025-11-26 18:33:19;DESKTOP-J1U1KVK;15.3;85.3;8459812864;7215808512;66.0;239447568384;158062518272;81385050112;1.0790150712324744;10.971941294978041;0.0;0.0;84657519;559707703;0.01895490392529683;0.00701568011899637;11;12;33;21.216000000094937;0.0;4717
2025-11-26 18:33:20;DESKTOP-J1U1KVK;21.9;85.6;8459812864;7240847360;66.0;239447568384;158062518272;81385050112;0.8789511314419548;11.042739162834808;0.0;0.0;84658714;559710017;0.01738568083694452;0.00842236310208073;12;12;33;6.999999999607098;0.0;4718
2025-11-26 18:33:21;DESKTOP-J1U1KVK;13.0;84.8;8459812864;7174615040;66.0;239447568384;158062518272;81385050112;2.8869163095699086;0.16369113095499482;0.0;0.0;84659563;559712691;0.020332720177129608;0.006455676675535916;13;11;33;7.902199999989534;0.0;4719
2025-11-26 18:33:22;DESKTOP-J1U1KVK;12.8;84.8;8459812864;7172788224;66.0;239447568384;158062518272;81385050112;0.16323362414156;0.07419710188252727;0.0;0.0;84660336;559714611;0.014567805642712204;0.005865059250946112;8;10;33;7.481999999981781;0.0;4720
2025-11-26 18:33:23;DESKTOP-J1U1KVK;44.3;85.0;8459812864;7189786624;66.0;239447568384;158062518272;81385050112;2.122335628757062;0.06817817688533394;0.0;0.0;84661818;559717545;0.022239628778591924;0.011233513922928843;19;17;33;6.2242999993031844;0.0;4721
2025-11-26 18:33:24;DESKTOP-J1U1KVK;13.2;85.3;8459812864;7217426432;66.0;239447568384;158062448640;81385119744;0.2582125886020499;0.14801114453796074;0.0;0.0;84668930;559725394;0.05929593536901802;0.05372820643960456;29;25;33;13.929699999607692;0.0;4722
2025-11-26 18:33:25;DESKTOP-J1U1KVK;16.2;85.5;8459812864;7229632512;66.0;239447568384;158062645248;81384923136;0.9846348625320615;0.5272384173502693;0.0;0.0;84672478;559728309;0.021809612371546775;0.026545627682417822;19;17;33;7.705199999691104;0.0;4723
2025-11-26 18:33:26;DESKTOP-J1U1KVK;6.8;85.4;8459812864;7221477376;66.0;239447568384;158062645248;81384923136;3.3291435253562276;0.04351216509781499;0.0;0.0;84675918;559733692;0.040891282590828235;0.02613152742196714;22;20;33;7.734300000265648;0.0;4724
2025-11-26 18:33:28;DESKTOP-J1U1KVK;10.9;84.7;8459812864;7168299008;66.0;239447568384;158062649344;81384919040;4.5574936674989734;32.17597921782528;0.0;0.0037593984962406013;84676992;559734926;0.009333171729790497;0.008123036011179087;15;14;33;6.656999999904656;0.0;4726
2025-11-26 18:33:29;DESKTOP-J1U1KVK;10.4;84.8;8459812864;7176622080;66.0;239447568384;158062649344;81384919040;1.4218895415537975;0.34359640235406397;0.0;0.0;84677963;559743446;0.06457486790861094;0.007359412762824088;31;12;33;5.810900000142283;0.0;4727
2025-11-26 18:33:30;DESKTOP-J1U1KVK;9.5;84.8;8459812864;7176675328;66.0;239447568384;158062714880;81384853504;1.7127405618056248;0.023684861348179737;0.0;0.0;84689480;559753031;0.07295725397570423;0.08766287887722332;29;27;33;5.585599999903934;0.0;4728
2025-11-26 18:33:31;DESKTOP-J1U1KVK;11.2;84.8;8459812864;7171788800;66.0;239447568384;158062714880;81384853504;0.5385648185653054;0.03249960112032015;0.0;0.0;84690137;559753657;0.0047613804884938955;0.00499716770118289;9;10;33;6.98980000015581;0.0;4729
2025-11-26 18:33:32;DESKTOP-J1U1KVK;7.8;84.8;8459812864;7171596288;66.0;239447568384;158062714880;81384853504;0.38202114209140087;0.0;0.0;0;84690739;559754461;0.006109621542569781;0.004574617125157971;8;9;33;6.424100000003818;0.0;4730
2025-11-26 18:33:33;DESKTOP-J1U1KVK;6.2;84.8;8459812864;7174078464;66.0;239447568384;158062714880;81384853504;1.5716956054766171;0.021777621891922467;0.0;0.0;84691795;559755135;0.005119124067748178;0.008020467382109904;10;12;33;6.651400000009744;0.0;4731
2025-11-26 18:33:34;DESKTOP-J1U1KVK;10.1;84.6;8459812864;7154667520;66.0;239447568384;158062714880;81384853504;4.564240299222461;0.018075281444930542;0.0;0.0;84692553;559755978;0.006394106196584926;0.005749386117451215;10;11;33;7.710400000178197;0.0;4732
2025-11-26 18:33:35;DESKTOP-J1U1KVK;8.0;84.7;8459812864;7163527168;66.0;239447568384;158062587904;81384980480;0.7154881156314505;1.0180876878512286;0.0;0.0;84693512;559756806;0.006290918512090748;0.007286220837071288;12;13;33;20.214999999552674;0.0;4733
2025-11-26 18:33:36;DESKTOP-J1U1KVK;5.5;84.6;8459812864;7160193024;66.0;239447568384;158062587904;81384980480;0.48161402078855853;0.01562488235382728;0.0;0.0;84694112;559758066;0.009496970532351032;0.0045223669201671585;9;9;33;10.77880000048026;0.0;4734
2025-11-26 18:33:37;DESKTOP-J1U1KVK;8.5;84.7;8459812864;7161470976;66.0;239447568384;158062587904;81384980480;2.2411368330304366;0.0;0.0;0;84694900;559759374;0.009503446725026666;0.005725318057584873;11;11;33;7.48589999966498;0.0;4735
2025-11-26 18:33:38;DESKTOP-J1U1KVK;9.1;84.7;8459812864;7161585664;66.0;239447568384;158062587904;81384980480;0.18972674016242888;0.01953069384025003;0.0;0.0;84696195;559762344;0.02264249548507568;0.011176396761320184;15;17;33;7.748699999865494;0.0;4736
2025-11-26 18:33:39;DESKTOP-J1U1KVK;7.2;84.7;8459812864;7163228160;66.0;239447568384;158062587904;81384980480;0.3449647924037704;0.06444906739801624;0.0;0.0;84697733;559763724;0.010476775863331348;0.01037808159795214;14;16;33;6.432499999391439;0.0;4737
2025-11-26 18:33:40;DESKTOP-J1U1KVK;7.0;84.7;8459812864;7161520128;66.0;239447568384;158062587904;81384980480;0.17814271540233736;0.06262829838363423;0.0;0.0;84698437;559764396;0.005099393109614111;0.005342221352929069;9;10;33;13.086199999634118;0.0;4738
2025-11-26 18:33:41;DESKTOP-J1U1KVK;12.0;84.7;8459812864;7164502016;66.0;239447568384;158062587904;81384980480;2.6865235856925858;0.0;0.0;0;84812585;559786065;0.16346837510437848;0.861119021709105;127;98;35;12.73029999993014;0.0;4739
2025-11-26 18:33:44;DESKTOP-J1U1KVK;11.7;84.8;8459812864;7170224128;66.0;239447568384;158062587904;81384980480;0.506440398299542;0.04852123576522559;0.043478260869565216;0.0;84941902;559818154;0.09965129886699906;0.4015895483057657;108;56;36;5.780700000286743;0.0;4742
2025-11-26 18:33:45;DESKTOP-J1U1KVK;7.5;84.3;8459812864;7132041216;66.0;239447568384;158062587904;81384980480;0.23041673045007127;0.10220096915124129;0.0;0.0;84942844;559818930;0.0059107985471717785;0.007175221947726566;9;14;36;6.236999999600812;0.0;4743
2025-11-26 18:33:46;DESKTOP-J1U1KVK;34.9;85.2;8459812864;7211728896;66.0;239447568384;158062665728;81384902656;1.4099093189292096;0.23218744736334204;0.0;0.0;84944298;559828439;0.07261647946955589;0.011103624056024216;42;15;36;6.694400000014866;0.0;4744
2025-11-26 18:33:47;DESKTOP-J1U1KVK;20.6;84.3;8459812864;7129464832;66.0;239447568384;158062784512;81384783872;0.626080147553084;0.09493079160383303;0.0;0.0;84946433;559830672;0.0169398161445877;0.016196375937615196;22;18;35;7.215300000098068;0.0;4745
2025-11-26 18:33:48;DESKTOP-J1U1KVK;6.1;84.2;8459812864;7123279872;66.0;239447568384;158062784512;81384783872;0.8372187395498929;0.0;0.0;0;84949905;559835972;0.04024191083019692;0.026362248000461073;21;18;32;6.676899999547459;0.0;4746
2025-11-26 18:33:49;DESKTOP-J1U1KVK;9.4;84.2;8459812864;7127248896;66.0;239447568384;158062784512;81384783872;0.24117722936451727;0.16372223454937423;0.0;0.0;84951000;559837331;0.010280601218485346;0.00828348663299592;16;13;31;6.694700000480225;0.0;4747
2025-11-26 18:33:50;DESKTOP-J1U1KVK;11.5;84.2;8459812864;7123120128;66.0;239447568384;158062784512;81384783872;0.474618584640079;0.2210869774153493;0.0;0.0;84951779;559838768;0.010891515446940843;0.00590430795627482;13;11;31;6.415600000764243;0.0;4748
2025-11-26 18:33:51;DESKTOP-J1U1KVK;10.2;84.4;8459812864;7139540992;66.0;239447568384;158062784512;81384783872;6.750091267167025;0.05006935830041474;0.0;0.0;84957925;559849220;0.07955050766534172;0.046777403378414684;25;27;31;7.071099999848229;0.0;4749
2025-11-26 18:33:52;DESKTOP-J1U1KVK;6.4;84.5;8459812864;7147982848;66.0;239447568384;158062784512;81384783872;0.3408739957081027;0.0;0.0;0;84958869;559849720;0.003807258309531078;0.007188103688394675;7;11;31;7.133799999792245;0.0;4750
2025-11-26 18:33:53;DESKTOP-J1U1KVK;9.8;84.5;8459812864;7149174784;66.0;239447568384;158062784512;81384783872;0.1483907791631677;0.7887897354892133;0.0;0.0;84959525;559850643;0.00699299176078941;0.004970100319694316;12;10;31;33.49569999954838;0.0;4751
2025-11-26 18:33:54;DESKTOP-J1U1KVK;8.9;84.5;8459812864;7150931968;66.0;239447568384;158062792704;81384775680;0.6973710743718573;0.19692602877340012;0.0;0.0;84960686;559851604;0.007138471869333441;0.008624105973252992;13;16;31;6.879300000036892;0.0;4752
2025-11-26 18:33:55;DESKTOP-J1U1KVK;6.1;84.6;8459812864;7158575104;66.0;239447568384;158062800896;81384767488;2.5577028421381307;0.07634243287858024;0.0;0.0;84961391;559852361;0.0057345823915378276;0.005340661276134966;10;10;31;9.285599999202532;0.0;4753
2025-11-26 18:33:56;DESKTOP-J1U1KVK;5.2;84.7;8459812864;7162048512;66.0;239447568384;158062800896;81384767488;0.33194217387697506;0.07785722336721185;0.0;0.0;84976579;559862159;0.07485710023662953;0.11603690940946412;30;31;33;7.326599999942118;0.0;4755
2025-11-26 18:33:58;DESKTOP-J1U1KVK;4.8;84.7;8459812864;7168102400;66.0;239447568384;158062804992;81384763392;0.4761048680009287;0.05207396993760158;0.0;0.0;84978357;559870889;0.0663660303231131;0.013516472155154077;23;20;33;18.807599999490776;0.0;4756
2025-11-26 18:33:59;DESKTOP-J1U1KVK;8.6;84.7;8459812864;7167098880;66.0;239447568384;158062809088;81384759296;0.30754132090032754;0.20868875346807939;0.0;0.0;84979110;559871992;0.008288112991849108;0.005658158733329446;9;10;33;7.166999999753898;0.0;4757
2025-11-26 18:34:00;DESKTOP-J1U1KVK;11.2;84.8;8459812864;7174500352;66.0;239447568384;158062915584;81384652800;0.3906914919710338;0.0562781792005894;0.0;0.0;84979713;559874448;0.01864516778610896;0.004577783458885872;9;9;33;18.504399999983434;0.0;4758
2025-11-26 18:34:01;DESKTOP-J1U1KVK;17.4;84.7;8459812864;7169388544;66.0;239447568384;158062915584;81384652800;1.9156978319754896;0.1002719467501511;0.0;0.0;84984825;559877722;0.024637816941924497;0.040290431248339566;26;25;33;6.593800000700867;0.0;4759
2025-11-26 18:34:02;DESKTOP-J1U1KVK;8.6;84.8;8459812864;7177383936;66.0;239447568384;158063046656;81384521728;0.15671632809093713;0.0;0.0;0;84988389;559885894;0.062470915038013795;0.02539505381256508;24;21;33;7.0432000002256245;0.0;4760
2025-11-26 18:34:03;DESKTOP-J1U1KVK;6.7;84.8;8459812864;7177273344;66.0;239447568384;158063046656;81384521728;0.18212589740929278;0.032987088561377005;0.0;0.0;84989245;559886724;0.006320312885943775;0.006518298590804664;10;11;33;7.159199999478005;0.0;4761
2025-11-26 18:34:04;DESKTOP-J1U1KVK;11.3;84.9;8459812864;7179632640;66.0;239447568384;158063050752;81384517632;0.18563545374125612;0.03062984986730726;0.0;0.0;84990372;559892182;0.04716242810141238;0.008563244155033308;24;15;33;6.415799999558658;0.0;4762
2025-11-26 18:34:05;DESKTOP-J1U1KVK;14.3;85.1;8459812864;7197908992;66.0;239447568384;158063050752;81384517632;0.2789558226813094;0.36496720134137983;0.0;0.0;84991377;559896609;0.028551942066660074;0.007647841624998234;16;9;33;18.07120000012219;0.0;4763
2025-11-26 18:34:06;DESKTOP-J1U1KVK;9.2;85.1;8459812864;7198834688;66.0;239447568384;158063058944;81384509440;0.09889820078535601;0.1675775068862977;0.0;0.0;84993354;559899575;0.021730056643160106;0.01485488312016858;22;18;33;6.909499999892432;0.0;4764
2025-11-26 18:34:07;DESKTOP-J1U1KVK;7.3;85.1;8459812864;7198687232;66.0;239447568384;158063079424;81384488960;0.2006061432009604;0.0;0.0;0;84997175;559902711;0.023820942623029875;0.02902417785797103;19;19;33;6.203200000527431;0.0;4765
2025-11-26 18:34:08;DESKTOP-J1U1KVK;7.8;85.1;8459812864;7202004992;66.0;239447568384;158063083520;81384484864;0.6462027592802154;0.0324958284120798;0.0;0.0;84998421;559903923;0.009228092346021777;0.009486966223715459;15;16;33;7.065599999805272;0.0;4766
2025-11-26 18:34:09;DESKTOP-J1U1KVK;7.5;85.1;8459812864;7203442688;66.0;239447568384;158063181824;81384386560;0.8297639033147547;0.39666078486161416;0.0;0.0;85000127;559905249;0.010160627568173127;0.013072421290575682;12;15;34;6.827600000178791;0.0;4767
2025-11-26 18:34:10;DESKTOP-J1U1KVK;9.9;85.2;8459812864;7204757504;66.0;239447568384;158063181824;81384386560;0.45259918362394075;0.05147388256378834;0.0;0.0;85003893;559914473;0.07002716456508896;0.028590882670438536;20;16;33;7.025299999440904;0.0;4768
2025-11-26 18:34:11;DESKTOP-J1U1KVK;5.4;85.2;8459812864;7204073472;66.0;239447568384;158063181824;81384386560;0.25214983542962466;0.0;0.0;0;85004495;559915277;0.0061049267195266085;0.004571101847207734;8;9;33;26.491699999496632;0.0;4769
2025-11-26 18:34:12;DESKTOP-J1U1KVK;8.4;85.2;8459812864;7204487168;66.0;239447568384;158063181824;81384386560;0.16525874265312435;0.07903678996453772;0.0;0.0;85005097;559915875;0.004400990590855394;0.004430428655008273;8;9;33;5.907499999921129;0.0;4770
2025-11-26 18:34:13;DESKTOP-J1U1KVK;7.2;85.1;8459812864;7201370112;66.0;239447568384;158063181824;81384386560;0.0;0.04932601058268237;0;0.0;85005794;559916526;0.004962779156330415;0.005313451723444393;8;9;33;40.228400000160036;0.0;4771
2025-11-26 18:34:14;DESKTOP-J1U1KVK;7.4;85.1;8459812864;7202598912;66.0;239447568384;158063181824;81384386560;0.08992550703368697;0.014837708660558351;0.0;0.0;85006750;559917346;0.006040308748173257;0.007042116052748334;10;14;33;7.996700000148849;0.0;4773
2025-11-26 18:34:16;DESKTOP-J1U1KVK;5.5;85.2;8459812864;7204122624;66.0;239447568384;158063181824;81384386560;0.0668730454048932;0.739783064791631;0.0;0.0;85007551;559918190;0.006423073139890051;0.006095831261909872;12;12;33;26.172699999733595;0.0;4774
2025-11-26 18:34:17;DESKTOP-J1U1KVK;10.4;85.1;8459812864;7200727040;66.0;239447568384;158063202304;81384366080;1.337740588033666;0.0;0.0;0;85008388;559919068;0.006571125889072422;0.006264273768967673;9;11;33;7.252099999277561;0.0;4775
2025-11-26 18:34:18;DESKTOP-J1U1KVK;6.1;85.1;8459812864;7203045376;66.0;239447568384;158063202304;81384366080;0.9410208382737711;0.2776706808502408;0.0;0.0;85009064;559921306;0.01697721711323159;0.005128060218295154;15;10;33;19.89250000042375;0.0;4776
2025-11-26 18:34:19;DESKTOP-J1U1KVK;9.3;85.3;8459812864;7213445120;66.0;239447568384;158063202304;81384366080;0.3484243228120204;0.11323790491390663;0.0;0.0;85011153;559924053;0.020631024325302515;0.01568919177850635;18;18;33;40.66109999985201;0.0;4777
2025-11-26 18:34:20;DESKTOP-J1U1KVK;17.1;85.3;8459812864;7218679808;66.0;239447568384;158063333376;81384235008;0.23423301875496366;0.2693679715682082;0.0;0.0;85012685;559927007;0.021808795592823102;0.011310451878200742;22;15;33;13.24769999973796;0.0;4778
2025-11-26 18:34:21;DESKTOP-J1U1KVK;8.5;85.3;8459812864;7218827264;66.0;239447568384;158063337472;81384230912;0.3039753589808671;0.029298829781288394;0.0;0.0;85016603;559931702;0.03521724002042018;0.0293889555697564;22;18;33;8.32520000039949;0.0;4779
2025-11-26 18:34:22;DESKTOP-J1U1KVK;8.0;85.3;8459812864;7213498368;66.0;239447568384;158063337472;81384230912;0.09696406641777996;0.14964166019282388;0.0;0.0;85017588;559940249;0.06529108752211094;0.00752447890596458;31;13;33;6.682199999886507;0.0;4780
2025-11-26 18:34:23;DESKTOP-J1U1KVK;11.2;85.3;8459812864;7216537600;66.0;239447568384;158063337472;81384230912;0.15965796232641516;0.01763663537326679;0.0;0.0;85018190;559940900;0.004946779848632868;0.004574441580456202;8;9;33;7.0693000006940565;0.0;4781
2025-11-26 18:34:24;DESKTOP-J1U1KVK;10.9;85.2;8459812864;7211819008;66.0;239447568384;158063337472;81384230912;0.6751597068773191;0.03570556142139668;0.0;0.0;85023504;560015067;0.5633791583250816;0.04036561877033564;32;32;34;15.359399999397283;0.0;4782
2025-11-26 18:34:25;DESKTOP-J1U1KVK;5.9;85.4;8459812864;7221788672;66.0;239447568384;158063337472;81384230912;0.4673158334644873;0.027137435211028297;0.0;0.0;85024244;560015741;0.00508522227051676;0.005583181721338877;9;12;34;7.584299999507493;0.0;4783
2025-11-26 18:34:26;DESKTOP-J1U1KVK;6.7;85.3;8459812864;7218720768;66.0;239447568384;158063337472;81384230912;0.12678267780867541;0.07457804576980907;0.0;0.0;85030640;560017072;0.011280657847699358;0.048783696818042656;16;37;34;7.693700000345416;0.0;4784
2025-11-26 18:34:27;DESKTOP-J1U1KVK;10.1;85.3;8459812864;7220436992;66.0;239447568384;158063337472;81384230912;2.736928824953075;0.10879199490256641;0.0;0.0;85043074;560018592;0.010425806226090012;0.09448576866997319;18;50;34;6.563400000231923;0.0;4785
2025-11-26 18:34:28;DESKTOP-J1U1KVK;5.9;85.3;8459812864;7218790400;66.0;239447568384;158063337472;81384230912;0.2042379199049255;0.23255272243719927;0.0;0.0;85044033;560019595;0.007609364221686357;0.007275553627714075;12;12;34;11.007600000084494;0.0;4786
2025-11-26 18:34:29;DESKTOP-J1U1KVK;5.2;85.3;8459812864;7219539968;66.0;239447568384;158063337472;81384230912;0.16435372479609908;0.01652469515612953;0.0;0.0;85045134;560021034;0.010547377947679645;0.008069953523554751;15;14;34;7.177600000431994;0.0;4787
2025-11-26 18:34:30;DESKTOP-J1U1KVK;9.4;85.4;8459812864;7226470400;66.0;239447568384;158063337472;81384230912;4.464945054600588;0.111160457790886;0.0;0.0;85047953;560023692;0.020131832067731465;0.021351254551894284;17;17;34;7.014899999376212;0.0;4788
2025-11-26 18:34:31;DESKTOP-J1U1KVK;7.4;85.7;8459812864;7252377600;66.0;239447568384;158063337472;81384230912;7.650052381144532;0.07284438524015596;0.0;0.0;85049122;560026291;0.019789201978918845;0.008900953102484082;12;13;34;27.388000000428292;0.0;4789
2025-11-26 18:34:32;DESKTOP-J1U1KVK;6.2;85.7;8459812864;7247994880;66.0;239447568384;158063468544;81384099840;0.0586480489295943;0.29782212347059606;0.0;0.0;85049650;560026715;0.003181738024395688;0.003962164332266329;6;8;34;6.259699999645818;0.0;4791
2025-11-26 18:34:34;DESKTOP-J1U1KVK;5.4;85.7;8459812864;7247613952;66.0;239447568384;158063468544;81384099840;0.09291147468424832;0.032983573512908156;0.0;0.0;85050493;560027529;0.006198761104485289;0.006419601487814618;12;13;34;8.470200000374462;0.0;4792
2025-11-26 18:34:35;DESKTOP-J1U1KVK;9.5;85.7;8459812864;7247331328;66.0;239447568384;158063468544;81384099840;0.2652291943640591;0.42305924312295345;0.0;0.0;85051347;560028197;0.005113133826712997;0.006536850730558234;10;12;34;7.215699999505887;0.0;4793
2025-11-26 18:34:36;DESKTOP-J1U1KVK;7.6;85.7;8459812864;7249616896;66.0;239447568384;158063468544;81384099840;0.19665203429083034;0.0;0.0;0;85051949;560028697;0.0037944472059584116;0.004568514435973928;7;9;34;7.586900000205787;0.0;4794
2025-11-26 18:34:37;DESKTOP-J1U1KVK;13.9;85.8;8459812864;7254913024;66.0;239447568384;158062243840;81385324544;0.6086675473851072;2.1875735017258324;0.0;0.0;85054708;560031383;0.0211683763493688;0.021008471348168536;25;22;34;8.115200000247569;0.0;4795
2025-11-26 18:34:38;DESKTOP-J1U1KVK;26.3;86.1;8459812864;7284293632;66.0;239447568384;158062247936;81385320448;2.384868135255373;0.22610384436171133;0.0;0.0;85059120;560034656;0.02392163126110666;0.03319982293928989;22;27;34;7.262600000103703;0.0;4796
2025-11-26 18:34:39;DESKTOP-J1U1KVK;20.2;87.4;8459812864;7396749312;66.0;239447568384;158062247936;81385320448;65.30123914432797;0.07219902269741993;0.0;0.0;85071607;560037557;0.021937554535488294;0.09442752274548166;23;22;34;7.48939999994036;0.0;4797
2025-11-26 18:34:40;DESKTOP-J1U1KVK;29.7;85.1;8459812864;7197421568;66.0;239447568384;158062182400;81385385984;40.00062452067281;166.1496447606634;0.0011160714285714285;0.0030534351145038168;85076674;560044613;0.05725741057752164;0.03804396792503307;36;18;34;7.224099999803002;0.0;4798
2025-11-26 18:34:41;DESKTOP-J1U1KVK;26.8;84.5;8459812864;7149539328;66.0;239447568384;158073778176;81373790208;28.58975852087153;132.4890360898001;0.0014124293785310734;0.005780346820809248;85180367;560065588;0.15759224290390986;0.7770059646918893;100;73;33;15.586099999381986;0.0;4799
2025-11-26 18:34:42;DESKTOP-J1U1KVK;14.1;84.5;8459812864;7146254336;66.0;239447568384;158060371968;81387196416;18.418254343821474;12.59171261966457;0.0;0.0;85204489;560089959;0.1779698341317555;0.1807954659476187;67;45;36;24.9893999998676;0.0;4800
2025-11-26 18:34:43;DESKTOP-J1U1KVK;11.0;84.5;8459812864;7149940736;66.0;239447568384;158060371968;81387196416;0.4260205963135861;0.15840384460388635;0.0;0.0;85215185;560094517;0.03366232507850161;0.07899346841589583;19;18;36;6.159100000331819;0.0;4801
2025-11-26 18:34:44;DESKTOP-J1U1KVK;23.7;84.6;8459812864;7159267328;66.0;239447568384;158060371968;81387196416;2.169434005448649;0.14426370911653474;0.0;0.0;85223266;560096720;0.0165150027048746;0.060579998573804646;20;21;36;7.7080999999452615;0.0;4802
2025-11-26 19:55:12;DESKTOP-J1U1KVK;36.4;91.6;8459812864;7750352896;63.8;239447568384;152735813632;86711754752;1707.9231665820853;0.0;0.0;0;142403756;592095439;0.0;0.0;0;0;35;15.774200001033023;0.0;9631
2025-11-26 19:55:13;DESKTOP-J1U1KVK;17.9;90.4;8459812864;7650066432;63.8;239447568384;152735813632;86711754752;59.974384413761584;1.8008450825722813;0.000574052812858783;0.0;142404304;592095785;0.0025056220346981986;0.0039684418353023495;5;7;35;21.039299999756622;0.0;9632
2025-11-26 19:55:14;DESKTOP-J1U1KVK;18.8;88.7;8459812864;7505518592;63.8;239447568384;152735813632;86711754752;50.53449857649663;150.01417206130404;0.000689655172413793;0.0013306719893546241;142404907;592096362;0.0042271244207762165;0.004417601431071158;7;9;35;6.634800000028918;0.0;9633
2025-11-26 19:55:15;DESKTOP-J1U1KVK;11.5;88.7;8459812864;7504515072;63.8;239447568384;152735813632;86711754752;2.5829911163721246;1.232706381765743;0.0;0.0;142405353;592096734;0.002838036246758338;0.003402591844231771;5;7;35;16.980700000203797;0.0;9634
2025-11-26 19:55:16;DESKTOP-J1U1KVK;10.1;88.9;8459812864;7516827648;63.8;239447568384;152735830016;86711738368;4.954498269222829;1.8190937678580397;0.0;0.0;142406083;592099740;0.022633718518172412;0.005496545082590107;18;10;35;22.26160000100208;0.0;9635
2025-11-26 19:55:17;DESKTOP-J1U1KVK;6.4;88.9;8459812864;7518584832;63.8;239447568384;152735895552;86711672832;6.255893205144653;1.7460860496512576;0.0;0.0;142411814;592109209;0.07096182822817228;0.04294880532006076;20;18;36;40.029199999480625;0.0;9636
2025-11-26 19:55:19;DESKTOP-J1U1KVK;6.8;88.8;8459812864;7516123136;63.8;239447568384;152735895552;86711672832;7.55363919689333;0.4264224017382672;0.0;0.0;142413398;592114808;0.041447359715656044;0.011725775636649253;9;9;35;6.891099999847938;0.0;9637
2025-11-26 19:55:20;DESKTOP-J1U1KVK;3.8;88.8;8459812864;7514025984;63.8;239447568384;152735895552;86711672832;2.8828435246064634;1.4953588346990945;0.0;0.0;142413700;592115008;0.001522374287325504;0.0022987851738615114;3;5;35;8.24790000115172;0.0;9638
2025-11-26 19:55:21;DESKTOP-J1U1KVK;13.2;89.0;8459812864;7531016192;63.8;239447568384;152735895552;86711672832;12.669080687467757;1.136381511574479;0.0;0.0;142414266;592123212;0.06223569836322094;0.004293686649632259;26;7;35;6.962100000237115;0.0;9639
2025-11-26 19:55:22;DESKTOP-J1U1KVK;7.6;89.1;8459812864;7536275456;63.8;239447568384;152735899648;86711668736;3.490481367545083;0.5832924495711629;0.0;0.0;142415094;592123716;0.00382177232985497;0.006278625970476022;4;11;35;7.481100001314189;0.0;9640
2025-11-26 19:55:23;DESKTOP-J1U1KVK;7.7;89.1;8459812864;7539875840;63.8;239447568384;152735899648;86711668736;2.455684320130834;0.1261227596441818;0.0;0.0;142416247;592124534;0.006227048819441897;0.008777246074347808;10;13;34;17.024400000082096;0.0;9641
2025-11-26 19:55:24;DESKTOP-J1U1KVK;3.7;89.1;8459812864;7540613120;63.8;239447568384;152735899648;86711668736;0.74962021594221;0.7110368224745962;0.0;0.0;142416549;592124734;0.0015049509122615921;0.002272475877515004;3;5;34;7.945900000777328;0.0;9642
2025-11-26 19:55:25;DESKTOP-J1U1KVK;3.5;89.1;8459812864;7540195328;63.8;239447568384;152735899648;86711668736;1.1408827713489766;0.6565632182519678;0.0;0.0;142417304;592125362;0.00476271416690346;0.005725874515942853;9;10;33;6.819700000050943;0.0;9643
2025-11-26 19:55:26;DESKTOP-J1U1KVK;10.8;89.1;8459812864;7540383744;63.8;239447568384;152735899648;86711668736;2.7903855709671523;0.5988011589292875;0.0;0.0;142417606;592125562;0.0015185802565412267;0.002293056187377252;3;5;33;7.295500001418986;0.0;9644
2025-11-26 19:55:27;DESKTOP-J1U1KVK;24.0;89.4;8459812864;7559942144;63.8;239447568384;152735899648;86711668736;7.978641880812773;0.37772832604486845;0.0;0.0;142417962;592126555;0.0075413113205044895;0.002703632255890834;10;6;33;7.6331000000209315;0.0;9645
2025-11-26 19:55:28;DESKTOP-J1U1KVK;23.1;88.8;8459812864;7513214976;63.8;239447568384;152735834112;86711734272;5.5046919606667375;0.7791627343432571;0.0;0.0;142418366;592127071;0.003911215780765576;0.003062269719824211;7;6;33;12.376099999528378;0.0;9646
2025-11-26 19:55:29;DESKTOP-J1U1KVK;16.5;88.4;8459812864;7480889344;63.8;239447568384;152735899648;86711668736;2.311979577365033;0.33453370639720253;0.0;0.0;142424803;592134110;0.05495071709228349;0.0486216248114715;13;18;34;17.109599999457714;0.0;9648
2025-11-26 19:55:30;DESKTOP-J1U1KVK;14.1;88.5;8459812864;7490236416;63.8;239447568384;152735899648;86711668736;32.83251781095324;0.5678031614493507;0.0;0.0;142425515;592135348;0.006355745956325945;0.004309872701745285;7;8;34;20.632300000215764;0.0;9649
2025-11-26 19:55:31;DESKTOP-J1U1KVK;22.5;90.0;8459812864;7613988864;63.8;239447568384;152735965184;86711603200;119.86608893741113;0.3555512968389469;0.0003780718336483932;0.0;142426481;592136676;0.009959049222012469;0.007244308394927745;9;13;34;7.347599999775412;0.0;9650
2025-11-26 19:55:32;DESKTOP-J1U1KVK;40.2;91.3;8459812864;7723986944;63.8;239447568384;152735977472;86711590912;114.48798176003778;0.1897960951034302;0.00037243947858472997;0.0;142439401;592143232;0.05076405145600029;0.0986272999716577;21;21;34;7.291699999768753;0.0;9651
2025-11-26 19:55:37;DESKTOP-J1U1KVK;29.9;92.3;8459812864;7810396160;63.8;239447568384;152735977472;86711590912;404.8308843356152;0.0;0.0;0;142590374;592164340;0.0;0.0;0;0;34;17.653099999733968;0.0;9656
2025-11-26 19:55:38;DESKTOP-J1U1KVK;10.1;92.3;8459812864;7808114688;63.8;239447568384;152735911936;86711656448;8.607878045574003;0.10972064441221584;0.0;0.0;142604363;592176283;0.08869486706213318;0.10388951648096635;30;20;35;7.00209999922663;0.0;9657
2025-11-26 19:55:39;DESKTOP-J1U1KVK;6.0;92.3;8459812864;7809327104;63.8;239447568384;152735911936;86711656448;9.881300003069747;0.0;0.00425531914893617;0;142605108;592181918;0.04212883311166905;0.005569827980158552;21;12;34;18.430100000841776;0.0;9658
2025-11-26 19:55:40;DESKTOP-J1U1KVK;6.3;92.2;8459812864;7799545856;63.8;239447568384;152735911936;86711656448;11.0348867987342;0.21656952373127758;0.0;0.0;142605578;592182192;0.002075011082662213;0.003559325579749052;4;6;34;7.1213000010175165;0.0;9659
2025-11-26 19:55:41;DESKTOP-J1U1KVK;3.5;92.2;8459812864;7800041472;63.8;239447568384;152735911936;86711656448;0.5304466085649788;0.03477578290417256;0.0;0.0;142610745;592186032;0.029186472677946558;0.039272527168476526;22;32;35;26.26879999843368;0.0;9660
2025-11-26 19:55:42;DESKTOP-J1U1KVK;7.4;92.2;8459812864;7800836096;63.8;239447568384;152735916032;86711652352;5.134758310359563;0.04306069062126852;0.0;0.0;142611422;592188091;0.015451016890220699;0.005080300356813702;11;9;35;6.534400001328322;0.0;9661
2025-11-26 19:55:43;DESKTOP-J1U1KVK;5.4;92.3;8459812864;7808786432;63.8;239447568384;152735916032;86711652352;0.49645459691211985;0.6372402288722733;0.0;0.0;142612397;592189118;0.007791773021934803;0.0073972528689254455;9;10;35;18.779100000756443;0.0;9662
2025-11-26 19:55:44;DESKTOP-J1U1KVK;3.7;92.3;8459812864;7809331200;63.8;239447568384;152735916032;86711652352;0.4737231455826422;0.06014063371654637;0.0;0.0;142613435;592190606;0.011262513154493902;0.009150791938026296;10;12;35;7.333600000492879;0.0;9663
2025-11-26 19:55:45;DESKTOP-J1U1KVK;10.8;92.4;8459812864;7815655424;63.8;239447568384;152749477888;86698090496;21.79690466651749;15.515048251788885;0.0;0.0;142614635;592192541;0.014718656867426058;0.007827130706243626;16;13;35;7.7925000005052425;0.0;9664
2025-11-26 19:55:46;DESKTOP-J1U1KVK;12.1;92.4;8459812864;7819083776;63.8;239447568384;152735887360;86711681024;10.222517873048345;9.524453489407698;0.0;0.0;142615620;592193988;0.010997585300395208;0.007486262281195079;11;11;35;20.194299999275245;0.0;9665
2025-11-26 19:55:47;DESKTOP-J1U1KVK;10.7;92.4;8459812864;7819468800;63.8;239447568384;152735887360;86711681024;2.1245307292943614;0.29343335433692863;0.0;0.0;142616657;592196155;0.01626125770359224;0.007781690926915162;15;11;35;7.353199998760829;0.0;9666
2025-11-26 19:55:48;DESKTOP-J1U1KVK;5.2;92.5;8459812864;7826276352;63.8;239447568384;152735887360;86711681024;0.6839563862790519;0.0;0.0;0;142617788;592199375;0.024506483563180928;0.008607712083837774;18;12;34;6.171899998662411;0.0;9667
2025-11-26 19:55:51;DESKTOP-J1U1KVK;28.3;83.9;8459812864;7094788096;63.8;239447568384;152735887360;86711681024;6.9796182444115145;2.3025926487558785;0.0;0.0;142754765;592215802;0.049799733948688814;0.4152564775728707;114;61;36;7.07949999923585;0.0;9670
2025-11-26 20:11:26;DESKTOP-J1U1KVK;43.6;88.4;8459812864;7476830208;63.8;239447568384;152880926720;86566641664;240.30877809782163;0.0;0.0;0;190855231;606475333;0.0;0.0;0;0;41;32.223500000327476;0.0;10604
2025-11-26 20:11:27;DESKTOP-J1U1KVK;30.8;84.5;8459812864;7147716608;63.8;239447568384;152880992256;86566576128;6.592906338332826;216.04993964651368;0.0;0.0011771630370806356;190870747;606489542;0.09911386032039882;0.10994465407453774;27;26;41;6.251200000406243;0.0;10605
2025-11-26 20:11:28;DESKTOP-J1U1KVK;13.1;82.8;8459812864;7006953472;63.8;239447568384;152880992256;86566576128;2.6381396308863407;100.5457261569266;0.0;0.0;190871049;606489886;0.002616806611624175;0.002297312781135177;5;5;41;25.69989999938116;0.0;10606
2025-11-26 20:11:29;DESKTOP-J1U1KVK;6.0;83.2;8459812864;7035203584;63.8;239447568384;152880992256;86566576128;0.48110077536870016;0.03918055556979945;0.0;0.0;190875968;606491344;0.010872448763674979;0.03668146465604748;12;14;41;15.989100000297185;0.0;10607
2025-11-26 20:11:30;DESKTOP-J1U1KVK;14.7;83.3;8459812864;7047065600;63.8;239447568384;152880992256;86566576128;0.7010713015500797;0.021564365950820515;0.0;0.0;190876432;606492302;0.007202585111545153;0.0034885172147776106;12;8;40;6.2326999996003;0.0;10608
2025-11-26 20:11:31;DESKTOP-J1U1KVK;6.5;83.3;8459812864;7045173248;63.8;239447568384;152880992256;86566576128;0.6116506250209994;0.015754637311146954;0.0;0.0;190881187;606493982;0.012749159992560856;0.03608467605037313;15;13;39;7.294499999261461;0.0;10609
2025-11-26 20:11:32;DESKTOP-J1U1KVK;6.6;83.3;8459812864;7047725056;63.8;239447568384;152880992256;86566576128;0.11482998121852202;0.0;0.0;0;190881911;606503976;0.07583901510967864;0.0054940411186119005;29;10;39;7.992599999852246;0.0;10610
2025-11-26 20:11:33;DESKTOP-J1U1KVK;8.2;83.3;8459812864;7048593408;63.8;239447568384;152880992256;86566576128;1.8933070565534893;0.006947066009858694;0.0;0.0;190882947;606504986;0.007665461791426999;0.007862790510810267;13;14;39;6.735300001309952;0.0;10611
2025-11-26 20:11:34;DESKTOP-J1U1KVK;22.7;83.4;8459812864;7056863232;63.8;239447568384;152880992256;86566576128;1.892452958160936;0.019017296883479994;0.0;0.0;190890359;606506190;0.009158499181374817;0.05638105974447686;9;10;39;7.412099999783095;0.0;10612
2025-11-26 20:11:35;DESKTOP-J1U1KVK;7.7;83.4;8459812864;7058989056;63.8;239447568384;152880996352;86566572032;2.6121052435356016;0.01065220223427639;0.0;0.0;190891174;606506390;0.0015173345514992722;0.006183138297359535;3;8;39;6.686799999442883;0.0;10613
2025-11-26 20:11:36;DESKTOP-J1U1KVK;3.0;83.5;8459812864;7061958656;63.8;239447568384;152881012736;86566555648;1.2919802703743872;0.07889247340648198;0.0;0.0;190896711;606508327;0.014734342075388018;0.042118767202593416;11;11;39;17.93300000099407;0.0;10614
2025-11-26 20:11:37;DESKTOP-J1U1KVK;3.8;83.5;8459812864;7064973312;63.8;239447568384;152881012736;86566555648;0.1476465287365283;0.0;0.0;0;190897332;606509333;0.007413666663380558;0.004576428427394957;7;8;39;13.727700001254561;0.0;10615
2025-11-26 20:11:40;DESKTOP-J1U1KVK;6.8;83.7;8459812864;7077646336;63.8;239447568384;152881012736;86566555648;4.363863845497528;0.03032515553650825;0.0;0.0;191026845;606523102;0.04169186805702388;0.39215911886624544;97;45;40;6.966599999941536;0.0;10618
2025-11-26 20:19:59;DESKTOP-J1U1KVK;29.2;90.3;8459812864;7636398080;63.9;239447568384;153058803712;86388764672;1848.1856453291575;0.0;0.0;0;227836707;610038507;0.0;0.0;0;0;45;27.31560000029276;0.0;11118
2025-11-26 20:20:00;DESKTOP-J1U1KVK;28.2;87.6;8459812864;7413006336;63.9;239447568384;153058541568;86389026816;32.372106343875416;0.8416386209509041;0.0;0.0;227837967;610040520;0.014260032363119115;0.008925802671400935;13;19;41;7.308700000066892;0.0;11119
2025-11-26 20:20:01;DESKTOP-J1U1KVK;26.9;84.1;8459812864;7114960896;63.9;239447568384;153058537472;86389030912;7.284363890238138;128.9745573820907;0.0;0.0027816411682892906;227839667;610050738;0.07778994488075465;0.012942151722184662;22;17;41;7.39400000020396;0.0;11120
2025-11-26 20:20:02;DESKTOP-J1U1KVK;12.6;83.9;8459812864;7099916288;63.9;239447568384;153058537472;86389030912;0.44152496233492816;10.470912893524867;0.0;0.0;227840659;610051860;0.00854360718594986;0.007553706175100054;10;14;41;7.525699998950586;0.0;11121
2025-11-26 20:20:03;DESKTOP-J1U1KVK;12.4;84.3;8459812864;7133249536;63.9;239447568384;153058537472;86389030912;13.363920911649291;0.03751308545340978;0.0;0.0;227841480;610052596;0.0055854162202269185;0.006230471082617255;10;12;41;8.270199999969918;0.0;11122
2025-11-26 20:20:04;DESKTOP-J1U1KVK;7.3;84.3;8459812864;7129260032;63.9;239447568384;153058541568;86389026816;6.603746779023804;0.036144288033391106;0.0;0.0;227841910;610053582;0.00746964391825296;0.00325755262155048;7;7;41;17.965099999855738;0.0;11123
2025-11-26 20:20:05;DESKTOP-J1U1KVK;7.4;84.3;8459812864;7129518080;63.9;239447568384;153058566144;86389002240;4.584658227686428;0.040032737054614576;0.0;0.0;227852101;610064619;0.08251531532139907;0.07619041210839701;28;24;41;7.184000000052038;0.0;11124
2025-11-26 20:20:07;DESKTOP-J1U1KVK;12.1;84.6;8459812864;7159078912;63.9;239447568384;153058668544;86388899840;55.95696830496669;0.08680464779444172;0.0002203128442388191;0.0;227852929;610067676;0.023236795545524415;0.006293773867090029;12;10;41;7.871300000260817;0.0;11125
2025-11-26 20:20:08;DESKTOP-J1U1KVK;27.1;85.2;8459812864;7209738240;63.9;239447568384;153058668544;86388899840;102.96901601835543;0.09035946809163911;0.00010587612493382742;0.0;227853463;610068472;0.006045509547794046;0.004055655902665855;6;8;41;13.215900000432157;0.0;11126
2025-11-26 20:20:09;DESKTOP-J1U1KVK;7.4;85.1;8459812864;7202414592;63.9;239447568384;153058668544;86388899840;0.8181114485362111;0.10180328272888663;0.0;0.0;227853868;610068672;0.0026084436286335374;0.0030097426484233126;4;6;41;5.9314000009180745;0.0;11127
2025-11-26 20:20:10;DESKTOP-J1U1KVK;17.8;85.5;8459812864;7229562880;63.9;239447568384;153058668544;86388899840;24.191395875934308;0.12893603131773188;0.0;0.0;227854368;610069227;0.003052102659813706;0.0037773547769971608;5;7;41;7.970799999384326;0.0;11128
2025-11-26 20:20:11;DESKTOP-J1U1KVK;4.5;85.5;8459812864;7228973056;63.9;239447568384;153059708928;86387859456;1.3287784979844548;0.41654498369418647;0.0;0.0;227854670;610069653;0.003230523135259457;0.0022901830677191457;5;5;41;6.586499999684747;0.0;11129
2025-11-26 20:20:13;DESKTOP-J1U1KVK;22.1;87.1;8459812864;7369093120;63.9;239447568384;153074364416;86373203968;22.185424076091394;10.704111730107693;0.0003669724770642202;0.0;227998589;610121039;0.15960590207311798;0.44701517573777033;124;79;42;7.694500000070548;0.0;11132
2025-11-26 20:36:27;DESKTOP-J1U1KVK;26.7;80.5;8459812864;6813663232;63.9;239447568384;153050767360;86396801024;117.85983670701505;77.68034692053264;0.0;0.0;267086191;615434209;0.0;0.0;0;0;29;17.96939999985625;0.0;12105
2025-11-26 20:36:28;DESKTOP-J1U1KVK;7.1;80.6;8459812864;6818914304;63.9;239447568384;153050767360;86396801024;5.278572505192807;0.0;0.0;0;267104613;615448857;0.10586101098958497;0.13313568708698353;29;36;30;6.066699999792036;0.0;12106
2025-11-26 20:36:29;DESKTOP-J1U1KVK;14.9;81.0;8459812864;6850166784;63.9;239447568384;153050767360;86396801024;15.508616617515639;0.17611503087173183;0.0;0.0;267105489;615450455;0.011913181015965507;0.006530629893608125;15;12;30;7.381699999314151;0.0;12107
2025-11-26 20:36:30;DESKTOP-J1U1KVK;8.5;81.1;8459812864;6858907648;63.9;239447568384;153050767360;86396801024;31.21648603621608;0.00834603414261997;0.0;0.0;267105791;615450655;0.0015238748327303325;0.0023010509974228026;3;5;30;7.653399999981048;0.0;12108
2025-11-26 20:36:31;DESKTOP-J1U1KVK;4.3;81.1;8459812864;6860263424;63.9;239447568384;153050767360;86396801024;0.7394915118931377;0.019607729482015016;0.0;0.0;267106249;615451794;0.00870781209817466;0.0035014731702932345;9;7;30;6.936100000530132;0.0;12109
2025-11-26 20:36:32;DESKTOP-J1U1KVK;3.3;81.1;8459812864;6861578240;63.9;239447568384;153050767360;86396801024;0.21514993618027647;0.0;0.0;0;267106551;615452298;0.0038310044367285854;0.0022955621823254617;4;5;30;23.960900000020047;0.0;12110
2025-11-26 20:36:33;DESKTOP-J1U1KVK;9.2;81.1;8459812864;6861590528;63.9;239447568384;153050767360;86396801024;0.6076999110714452;0.038438849796687796;0.0;0.0;267107377;615452948;0.004851852418592627;0.006165584765780784;8;11;30;8.721099999092985;0.0;12111
2025-11-26 20:36:34;DESKTOP-J1U1KVK;17.3;80.9;8459812864;6841270272;63.9;239447568384;153050767360;86396801024;14.576810213839487;0.02447943413604223;0.0;0.0;267108725;615455685;0.020800535630876648;0.010244472791531501;16;17;30;29.821500000252854;0.0;12112
2025-11-26 20:36:35;DESKTOP-J1U1KVK;5.5;80.9;8459812864;6840889344;63.9;239447568384;153050767360;86396801024;1.8012083865123008;0.35595742658555335;0.0;0.0;267109027;615455885;0.0014935344427243328;0.002255237008513743;3;5;30;13.39670000015758;0.0;12113
2025-11-26 20:36:36;DESKTOP-J1U1KVK;4.4;80.8;8459812864;6838071296;63.9;239447568384;153050767360;86396801024;1.2890782134198653;0.07686314059902932;0.0;0.0;267109403;615456867;0.007450834780875078;0.0028528654558136754;7;6;30;8.347400000275229;0.0;12114
2025-11-26 20:36:37;DESKTOP-J1U1KVK;3.7;80.9;8459812864;6842994688;63.9;239447568384;153050767360;86396801024;5.3118274920300665;0.0;0.0;0;267109705;615457067;0.0015290855972552155;0.002308919251855375;3;5;30;6.0521000013977755;0.0;12115
2025-11-26 20:36:38;DESKTOP-J1U1KVK;7.5;80.9;8459812864;6844145664;63.9;239447568384;153050832896;86396735488;1.0135817157919527;0.010674166420885948;0.0;0.0;267110007;615457267;0.0015204520760170252;0.002295882634785708;3;5;30;7.8373999986069975;0.0;12116
2025-11-26 20:36:41;DESKTOP-J1U1KVK;8.0;81.1;8459812864;6856769536;63.9;239447568384;153050832896;86396735488;2.1296861514973013;0.06212663195894194;0.0;0.0;267358132;615484042;0.08108962345450303;0.7514607962520473;168;98;31;5.726400000639842;0.0;12119
2025-11-26 21:02:40;DESKTOP-J1U1KVK;23.3;89.7;8459812864;7586373632;63.9;239447568384;153039020032;86408548352;303.40127755868826;31699.630748208307;0.0;0.0;307253938;630749069;0.0;0.0;0;0;28;22.44049999899289;0.0;13679
2025-11-26 21:02:41;DESKTOP-J1U1KVK;11.3;86.1;8459812864;7286411264;63.9;239447568384;153039020032;86408548352;9.467851950477558;249.30059408170374;0.0;0.0018390804597701149;307332781;630777891;0.19474082543058716;0.5327163590113033;80;76;30;5.798599999252474;0.0;13680
2025-11-26 21:02:42;DESKTOP-J1U1KVK;11.7;86.6;8459812864;7325040640;63.9;239447568384;153039024128;86408544256;22.735940412873397;0.2876205479694247;0.0012853470437017994;0.0;307333137;630778765;0.006643927937323774;0.0027062223634865715;5;6;30;6.8917999997211155;0.0;13681
2025-11-26 21:02:43;DESKTOP-J1U1KVK;5.6;86.7;8459812864;7333019648;63.9;239447568384;153039024128;86408544256;0.8434526647297609;0.18578252527087244;0.0;0.0;307333513;630779339;0.00436779372295727;0.0028611331704389087;6;6;30;21.573500000158674;0.0;13682
2025-11-26 21:02:44;DESKTOP-J1U1KVK;4.2;86.6;8459812864;7328534528;63.9;239447568384;153039024128;86408544256;0.7051434640315647;0.21282179678672872;0.0;0.0;307334212;630779605;0.001990895582109211;0.005231714330429843;4;8;30;7.900599999629776;0.0;13683
2025-11-26 21:02:45;DESKTOP-J1U1KVK;3.4;86.6;8459812864;7328342016;63.9;239447568384;153039024128;86408544256;0.4241797381892173;0.2986002104358306;0.0;0.0;307335095;630780196;0.004503702552168558;0.006728882154932043;6;10;30;6.342799999401905;0.0;13684
2025-11-26 21:02:47;DESKTOP-J1U1KVK;4.6;86.6;8459812864;7326855168;63.9;239447568384;153039024128;86408544256;1.2000794302479703;0.1462945125882781;0.0;0.0;307336102;630781466;0.009661992867807685;0.00766112347864751;9;13;30;6.767799999579438;0.0;13685
2025-11-26 21:02:48;DESKTOP-J1U1KVK;7.5;86.6;8459812864;7328010240;63.9;239447568384;153039024128;86408544256;4.684948665944573;0.0;0.0;0;307336634;630782803;0.010238481182188338;0.004073950627467611;12;8;30;6.869899998491746;0.0;13686
2025-11-26 21:02:49;DESKTOP-J1U1KVK;4.8;86.6;8459812864;7326269440;63.9;239447568384;153039024128;86408544256;0.31290988214465665;0.1452795881385906;0.0;0.0;307337101;630783787;0.00750404514934283;0.0035613710210803877;7;7;30;6.9447999994736165;0.0;13687
2025-11-26 21:02:50;DESKTOP-J1U1KVK;9.1;86.4;8459812864;7309086720;63.9;239447568384;153039024128;86408544256;1.4020625066486379;0.12147499230884362;0.0;0.0;307337477;630784517;0.005547448112124007;0.002857315739943324;5;6;30;6.509999999252614;0.0;13688
2025-11-26 21:02:51;DESKTOP-J1U1KVK;5.5;86.4;8459812864;7312855040;63.9;239447568384;153039024128;86408544256;3.1956264588047247;0.15802039188695058;0.0;0.0;307337779;630793917;0.07119092573203542;0.0022871978267100745;24;5;30;18.96860000124434;0.0;13689
2025-11-26 21:02:52;DESKTOP-J1U1KVK;9.7;86.4;8459812864;7311392768;63.9;239447568384;153039024128;86408544256;2.6625628558492505;0.0;0.0;0;307347312;630805308;0.08536419264008442;0.0714403343374528;21;25;30;8.290599998872494;0.0;13690
2025-11-26 21:02:54;DESKTOP-J1U1KVK;8.5;86.5;8459812864;7316488192;63.9;239447568384;153039024128;86408544256;3.397918694616785;0.1100825582002929;0.0;0.0;307487014;630818488;0.040090844698199804;0.42494470303701887;93;42;31;6.441800000175135;0.0;13693
2025-11-26 21:02:56;DESKTOP-J1U1KVK;5.0;86.6;8459812864;7323508736;63.9;239447568384;153039024128;86408544256;1.4848049602131903;0.1837810061048189;0.0;0.0;307528773;630847688;0.2180491161967504;0.3111932003848291;83;53;34;6.800500001190812;0.0;13694
2025-11-26 21:10:07;DESKTOP-J1U1KVK;19.1;87.6;8459812864;7413919744;63.9;239447568384;153048350720;86399217664;1480.271511683201;134.93091527407194;0.0;0.0;341984269;633822520;0.0;0.0;0;0;34;30.60679999907734;0.0;14126
2025-11-26 21:10:08;DESKTOP-J1U1KVK;7.3;87.6;8459812864;7413014528;63.9;239447568384;153048350720;86399217664;3.767833127424333;0.057428581933008975;0.0;0.0;342001666;633837234;0.10344068276808249;0.12337567243358914;29;29;35;18.51350000106322;0.0;14127
2025-11-26 21:10:10;DESKTOP-J1U1KVK;12.3;87.9;8459812864;7436939264;63.9;239447568384;153048350720;86399217664;11.97342580834608;0.0;0.002183406113537118;0;342001968;633837434;0.0015053146545100336;0.0022730251283101513;3;5;35;14.266299998780596;0.0;14128
2025-11-26 21:10:11;DESKTOP-J1U1KVK;3.9;87.8;8459812864;7427244032;63.9;239447568384;153049399296;86398169088;0.9184642854574607;0.07331115531512863;0.0;0.0;342002526;633837768;0.0025243595500471488;0.004217343200378171;5;9;33;6.950400000278023;0.0;14129
2025-11-26 21:10:12;DESKTOP-J1U1KVK;3.9;87.6;8459812864;7414001664;63.9;239447568384;153049395200;86398173184;0.3340670396088986;0.5398262078596309;0.0;0.0;342003396;633838466;0.005335813186909092;0.006650655404886691;6;9;33;16.695799999070005;0.0;14130
2025-11-26 21:10:13;DESKTOP-J1U1KVK;5.6;87.6;8459812864;7407276032;63.9;239447568384;153049329664;86398238720;1.0205347688690933;0.07401175576032615;0.0;0.0;342003838;633839055;0.004436150825744637;0.003328996035618217;7;7;33;6.654099999650498;0.0;14131
2025-11-26 21:10:14;DESKTOP-J1U1KVK;8.1;87.5;8459812864;7401926656;63.9;239447568384;153049329664;86398238720;2.9513953310206005;0.13858074523827693;0.0;0.047619047619047616;342004140;633839353;0.0022764998089694418;0.0023070568533851386;4;5;33;31.279799999538227;0.0;14132
2025-11-26 21:10:15;DESKTOP-J1U1KVK;7.6;87.7;8459812864;7416201216;63.9;239447568384;153049329664;86398238720;0.8436153316808599;0.38854763579243784;0.0;0.0;342004442;633841045;0.012258595506921186;0.0021879999072637107;4;5;33;10.050900000351248;0.0;14133
2025-11-26 21:10:16;DESKTOP-J1U1KVK;7.2;87.8;8459812864;7423606784;63.9;239447568384;153049415680;86398152704;1.2498805756260714;0.0176300897824019;0.0;0.0;342004799;633841311;0.002021081552160161;0.0027125041884254793;4;6;33;6.733099999109982;0.0;14134
2025-11-26 21:10:17;DESKTOP-J1U1KVK;4.3;87.7;8459812864;7420813312;63.9;239447568384;153049415680;86398152704;0.7032620356320135;0.20697857530174998;0.0;0.0;342005701;633842302;0.007552790221538343;0.006874487164306343;10;12;33;6.618599998546415;0.0;14135
2025-11-26 21:10:18;DESKTOP-J1U1KVK;4.2;87.8;8459812864;7429185536;63.9;239447568384;153049415680;86398152704;0.24481700151685243;0.009273371269577743;0.0;0.0;342006131;633851270;0.06816499036439023;0.0032683927137252236;27;7;33;7.988400000613183;0.0;14136
2025-11-26 21:10:19;DESKTOP-J1U1KVK;14.8;87.8;8459812864;7430967296;63.9;239447568384;153049415680;86398152704;4.767733106326965;0.018693327215553675;0.0;0.0;342006581;633852806;0.011752198468321429;0.0034430268950160436;9;7;33;14.873699999952805;0.0;14137
2025-11-26 21:10:22;DESKTOP-J1U1KVK;6.9;87.8;8459812864;7426211840;63.9;239447568384;153049415680;86398152704;2.5918775068246545;0.06113005239553863;0.0;0.0;342148626;633865935;0.03947739731825413;0.42711302475979945;74;34;34;8.493199999065837;0.0;14140
2025-11-26 21:31:09;DESKTOP-J1U1KVK;68.3;93.2;8459812864;7883350016;63.9;239447568384;153062866944;86384701440;1695.1717005500807;0.0;0.0;0;368562163;692675509;0.0;0.0;0;0;58;17.12709999992512;0.0;15388
2025-11-26 21:31:11;DESKTOP-J1U1KVK;26.1;88.6;8459812864;7496384512;63.9;239447568384;153062866944;86384701440;4.545799586142511;91.46689624954362;0.0;0.001287001287001287;368562743;692676957;0.009950915460176166;0.003985863927418629;12;9;58;8.364899998923647;0.0;15389
2025-11-26 21:31:12;DESKTOP-J1U1KVK;28.2;86.1;8459812864;7285862400;63.9;239447568384;153063129088;86384439296;7.126032643006538;20.088466818686395;0.0;0.0;368563411;692678203;0.009445555912367554;0.0050639095902580466;9;9;58;8.184600001186482;0.0;15390
2025-11-26 21:31:13;DESKTOP-J1U1KVK;11.8;82.7;8459812864;6994333696;63.9;239447568384;153063129088;86384439296;0.562695243402672;218.19294725696653;0.0;0.0013422818791946308;368591881;692681628;0.025969769482309484;0.21587133931718278;32;26;58;6.6463000002841;0.0;15391
2025-11-26 21:31:14;DESKTOP-J1U1KVK;6.7;82.4;8459812864;6975008768;63.9;239447568384;153063129088;86384439296;0.6758170452818126;0.04177440527154062;0.0;0.0;368643432;692712755;0.23678719628386405;0.39215525928067196;88;69;60;16.68910000080359;0.0;15392
2025-11-26 21:31:15;DESKTOP-J1U1KVK;4.4;82.5;8459812864;6982524928;63.9;239447568384;153063129088;86384439296;0.08394697060221841;0.06934749745400651;0.0;0.0;368644515;692715663;0.021735196284331723;0.008094641532300982;26;15;58;8.031600000322214;0.0;15393
2025-11-26 21:31:16;DESKTOP-J1U1KVK;10.5;82.6;8459812864;6990876672;63.9;239447568384;153063055360;86384513024;12.709927989064834;0.014850215263986954;0.0;0.0;368644872;692716080;0.003130969113774287;0.002680469960713238;5;6;58;6.741400000464637;0.0;15394
2025-11-26 21:31:17;DESKTOP-J1U1KVK;23.9;83.0;8459812864;7019200512;63.9;239447568384;153063149568;86384418816;9.751464807972983;0.15949815376899856;0.0;0.0;368645434;692716888;0.006038053374189094;0.004199735143928553;8;9;58;7.224300001325901;0.0;15395
2025-11-26 21:31:18;DESKTOP-J1U1KVK;9.2;83.0;8459812864;7022612480;63.9;239447568384;153063149568;86384418816;0.6125618317686237;0.007889053893989851;0.0;0.0;368646201;692725239;0.06349212383286346;0.005831452398491949;28;11;58;6.966099999772268;0.0;15396
2025-11-26 21:31:19;DESKTOP-J1U1KVK;3.7;83.0;8459812864;7024041984;63.9;239447568384;153063149568;86384418816;0.2187657244353283;0.008342760677618452;0.0;0.0;368646545;692725717;0.003630625963018466;0.002612835421084419;8;6;58;7.807099998899503;0.0;15397
2025-11-26 21:31:20;DESKTOP-J1U1KVK;5.8;83.0;8459812864;7023603712;63.9;239447568384;153063149568;86384418816;0.20382611290996205;0.011117787976907021;0.0;0.0;368647111;692726503;0.005965962702680531;0.004296100368596922;11;9;55;6.040399999619694;0.0;15398
2025-11-26 21:31:21;DESKTOP-J1U1KVK;10.2;83.0;8459812864;7023603712;63.9;239447568384;153063149568;86384418816;0.5355600615375354;0.005149615976322457;0.0;0.0;368647413;692727007;0.0038647932004920054;0.0023158086241043367;4;5;55;7.908600000519073;0.0;15399
2025-11-26 21:31:24;DESKTOP-J1U1KVK;9.2;82.7;8459812864;6993629184;63.9;239447568384;153063149568;86384418816;2.773693134956839;0.21663484083363915;0.0043859649122807015;0.0;368793575;692737084;0.030160732279962105;0.43746680078434264;57;41;56;7.796899999448215;0.0;15402
2025-11-26 21:31:25;DESKTOP-J1U1KVK;6.1;82.6;8459812864;6988738560;63.9;239447568384;153063149568;86384418816;0.4114200991861856;0.018069125977771668;0.0;0.0;368794567;692739407;0.017634081981568628;0.007530352701556641;12;10;56;7.314700000279117;0.0;15403
2025-11-26 21:31:26;DESKTOP-J1U1KVK;4.1;82.5;8459812864;6983389184;63.9;239447568384;153063149568;86384418816;0.5412567035168443;0.0055608565429812774;0.0;0.0;368795251;692740269;0.006541104524692948;0.005190389205208789;10;10;56;6.744000000253436;0.0;15404
2025-11-26 21:33:44;DESKTOP-J1U1KVK;37.6;88.4;8459812864;7480926208;63.9;239447568384;153064378368;86383190016;1067.8404834961384;51.154035137539566;0.0;0.0;371061199;694372118;0.0;0.0;0;0;43;33.481700000265846;0.0;15542
2025-11-26 21:33:45;DESKTOP-J1U1KVK;10.7;88.3;8459812864;7470235648;63.9;239447568384;153064378368;86383190016;1.5500203054783588;0.015589284681535219;0.0;0.0;371089672;694387543;0.11283485503415645;0.2082818040445729;42;78;45;5.951499999355292;0.0;15543
2025-11-26 21:33:46;DESKTOP-J1U1KVK;7.1;88.3;8459812864;7469015040;63.9;239447568384;153064378368;86383190016;0.49422725913658977;0.052023922014377874;0.0;0.0;371098840;694392123;0.03487326129812148;0.0698074365897768;23;33;44;7.00920000053884;0.0;15544
2025-11-26 21:33:47;DESKTOP-J1U1KVK;3.9;88.4;8459812864;7480975360;63.9;239447568384;153064378368;86383190016;1.1874335636548294;0.009832848910390938;0.0;0.0;371099313;694392627;0.0038652077808016953;0.004938876608802166;4;7;44;7.444299999406212;0.0;15545
2025-11-26 21:33:48;DESKTOP-J1U1KVK;14.2;88.7;8459812864;7506231296;63.9;239447568384;153064378368;86383190016;71.10609748893772;0.12416397600132813;0.00042319085907744394;0.0;371100222;694393395;0.005763553050339728;0.0055384142593108325;9;10;43;7.9805000004853355;0.0;15546
2025-11-26 21:33:49;DESKTOP-J1U1KVK;13.2;89.2;8459812864;7548579840;63.9;239447568384;153064378368;86383190016;56.32885549658372;0.12345491037251392;0.0004807692307692308;0.0;371108248;694410167;0.12757665119841446;0.06104997630088686;24;28;44;6.214299999555806;0.0;15547
2025-11-26 21:33:50;DESKTOP-J1U1KVK;7.2;89.3;8459812864;7550775296;63.9;239447568384;153064378368;86383190016;2.805265808693962;0.4187516993162717;0.0;0.0;371108738;694410625;0.005597477806762452;0.0037064380071805425;8;7;44;8.72440000057395;0.0;15548
2025-11-26 21:33:51;DESKTOP-J1U1KVK;15.4;90.3;8459812864;7635828736;63.9;239447568384;153064378368;86383190016;34.20106565289399;0.15823330925298282;0.0;0.0;371110002;694417958;0.05362094928128918;0.00961237837066367;54;18;44;22.77010000034352;0.0;15549
2025-11-26 21:33:52;DESKTOP-J1U1KVK;5.3;90.2;8459812864;7629225984;63.9;239447568384;153064382464;86383185920;1.800040349003606;0.04801936906640717;0.0;0.0;371110433;694418810;0.006384993765824195;0.003229967503603554;7;7;44;7.289099999979953;0.0;15550
2025-11-26 21:33:53;DESKTOP-J1U1KVK;7.4;90.1;8459812864;7625453568;63.9;239447568384;153064382464;86383185920;0.689895328513849;0.18785663337235214;0.0;0.0;371110960;694419235;0.0032470673490449763;0.004026363512815771;5;7;44;7.789799999954994;0.0;15551
2025-11-26 21:33:54;DESKTOP-J1U1KVK;8.0;90.1;8459812864;7625318400;63.9;239447568384;153064529920;86383038464;1.226906505013799;0.018638913862723875;0.0;0.0;371120162;694420321;0.008290001187978647;0.07024363805872882;9;8;44;22.881999999299296;0.0;15552
2025-11-26 21:33:55;DESKTOP-J1U1KVK;7.5;90.1;8459812864;7624761344;63.9;239447568384;153064562688;86383005696;6.771691556388575;0.16458337566161807;0.0;0.0;371120566;694420693;0.002785147489746599;0.0030247300695097476;5;6;44;6.803100000979612;0.0;15553
2025-11-26 21:33:58;DESKTOP-J1U1KVK;4.9;90.2;8459812864;7626776576;63.9;239447568384;153064497152;86383071232;2.439027985859011;0.167557987026006;0.0;0.0;371272658;694442160;0.0677404197968862;0.4799355255856904;98;51;45;12.642000001505949;0.0;15556
2025-11-26 21:39:27;DESKTOP-J1U1KVK;29.4;88.0;8459812864;7441186816;63.9;239447568384;153064505344;86383063040;37.70754227760276;0.0;0.0;0;379449015;697453802;0.0;0.0;0;0;50;15.571199999612872;0.0;15886
2025-11-26 21:39:28;DESKTOP-J1U1KVK;4.8;88.0;8459812864;7446003712;63.9;239447568384;153064456192;86383112192;4.960027962214194;0.02491582040581224;0.0;0.0;379468677;697467437;0.09990891142975117;0.14407106831916153;25;32;52;6.915500000104657;0.0;15887
2025-11-26 21:39:29;DESKTOP-J1U1KVK;13.8;87.7;8459812864;7421566976;63.9;239447568384;153064456192;86383112192;3.6617109987186343;0.30995164274867953;0.0;0.0;379470265;697470727;0.0250720201399162;0.01210163160552794;31;24;49;6.897200000821613;0.0;15888
2025-11-26 21:39:30;DESKTOP-J1U1KVK;12.1;87.9;8459812864;7436914688;63.9;239447568384;153064456192;86383112192;1.4335582851751623;0.23336995340060782;0.0;0.0;379470567;697470927;0.00151786613824849;0.00229197786875522;3;5;49;6.970700000238139;0.0;15889
2025-11-26 21:39:31;DESKTOP-J1U1KVK;3.7;87.9;8459812864;7435030528;63.9;239447568384;153064456192;86383112192;0.0;0.013459404469743084;0;0.0;379471047;697471424;0.0037792456678841357;0.003649975695340815;6;7;49;7.7330000003712485;0.0;15890
2025-11-26 21:39:32;DESKTOP-J1U1KVK;8.5;87.9;8459812864;7435755520;63.9;239447568384;153064456192;86383112192;0.36290264478007495;0.11479573457328901;0.0;0.0;379471526;697472246;0.006233752642304405;0.003632563887668869;8;7;49;7.610599999679835;0.0;15891
2025-11-26 21:39:33;DESKTOP-J1U1KVK;6.1;87.6;8459812864;7409029120;63.9;239447568384;153064456192;86383112192;0.11871039109092196;0.12149266588211545;0.0;0.0;379473112;697473313;0.00810088448258492;0.012041239727628569;13;16;49;11.870999998791376;0.0;15892
2025-11-26 21:39:34;DESKTOP-J1U1KVK;8.6;87.2;8459812864;7374344192;63.9;239447568384;153064456192;86383112192;1.7321415891921104;0.014311404388314344;0.0;0.0;379474283;697474311;0.007551554207087072;0.008860591158816593;13;16;48;6.648399999903631;0.0;15893
2025-11-26 21:39:35;DESKTOP-J1U1KVK;2.4;87.2;8459812864;7380758528;63.9;239447568384;153064456192;86383112192;0.45837201049037296;0.746251992688595;0.0;0.0;379485150;697483434;0.06968073593647098;0.08300126684441853;24;19;48;10.562600000412203;0.0;15894
2025-11-26 21:39:36;DESKTOP-J1U1KVK;7.1;87.3;8459812864;7387000832;63.9;239447568384;153064456192;86383112192;6.715676980826418;0.11705798070746049;0.0;0.0;379485580;697484818;0.010573717779147597;0.0032851868822496148;8;7;48;6.440099999963422;0.0;15895
2025-11-26 21:39:38;DESKTOP-J1U1KVK;2.6;87.3;8459812864;7384866816;63.9;239447568384;153064456192;86383112192;0.07809409705017682;0.0;0.0;0;379486031;697485694;0.006674202445659661;0.0034361476061558296;7;7;48;7.187900000644731;0.0;15896
2025-11-26 21:39:39;DESKTOP-J1U1KVK;11.2;87.3;8459812864;7389245440;63.9;239447568384;153064456192;86383112192;2.5161887507916636;0.11487754237782263;0.0;0.0;379486870;697486746;0.007979763108368705;0.007661179410125847;9;10;48;7.0882999989407836;0.0;15897
2025-11-26 21:39:41;DESKTOP-J1U1KVK;8.2;87.5;8459812864;7398477824;63.9;239447568384;153064517632;86383050752;1.8873431845708637;0.05508432643483047;0.0;0.0;379714327;697529386;0.1313356040111799;0.7000643549081857;167;116;52;8.190700000341167;0.0;15900
2025-11-26 21:41:11;DESKTOP-J1U1KVK;30.3;87.4;8459812864;7391281152;63.9;239447568384;153064759296;86382809088;189.4822762762827;18.219449641950263;0.0;0.0;382247560;698188471;0.0;0.0;0;0;39;22.45059999950172;0.0;15990
2025-11-26 21:41:12;DESKTOP-J1U1KVK;4.3;87.4;8459812864;7389982720;63.9;239447568384;153064759296;86382809088;1.6340152577802536;0.02956277604536643;0.0;0.0;382263413;698209946;0.15805382201848076;0.11667647219832249;41;26;41;16.681200000675744;0.0;15991
2025-11-26 21:41:13;DESKTOP-J1U1KVK;14.0;87.3;8459812864;7386906624;63.9;239447568384;153064759296;86382809088;1.1208627806202724;0.025851859849561475;0.0;0.0;382268489;698217339;0.05584481140098564;0.03834279219145179;24;24;41;7.776500000545639;0.0;15992
2025-11-26 21:41:14;DESKTOP-J1U1KVK;8.9;87.3;8459812864;7385096192;63.9;239447568384;153065283584;86382284800;0.46174694383542547;0.11228026270998138;0.0;0.0;382269124;698218259;0.006807143542218787;0.004698408857944489;8;9;40;19.67760000115959;0.0;15993
2025-11-26 21:41:15;DESKTOP-J1U1KVK;8.0;87.3;8459812864;7381557248;63.9;239447568384;153065283584;86382284800;0.462118337785671;0.14807958641346403;0.0;0.0;382269791;698219141;0.006624287872618483;0.00500952382203688;10;9;40;7.03100000100676;0.0;15994
2025-11-26 21:41:16;DESKTOP-J1U1KVK;5.8;87.2;8459812864;7376330752;63.9;239447568384;153065304064;86382264320;0.7361351750481637;0.5288647911646529;0.0;0.0;382270093;698219341;0.0015229572479265646;0.002299665444369113;3;5;40;21.587999999610474;0.0;15995
2025-11-26 21:41:17;DESKTOP-J1U1KVK;13.8;87.1;8459812864;7367143424;63.9;239447568384;153065304064;86382264320;2.059322270794064;0.0;0.0;0;382270395;698219845;0.003779921212265913;0.0022649527898894956;4;5;40;21.193599999605794;0.0;15996
2025-11-26 21:41:18;DESKTOP-J1U1KVK;10.2;87.2;8459812864;7377096704;63.9;239447568384;153065304064;86382264320;0.6241499224917431;0.008719741564222882;0.0;0.0;382270697;698220045;0.0015044810969457741;0.002271766456388119;3;5;40;7.137799999327399;0.0;15997
2025-11-26 21:41:19;DESKTOP-J1U1KVK;5.4;87.2;8459812864;7375126528;63.9;239447568384;153065304064;86382264320;0.17897152367397132;0.013516078610794709;0.0;0.0;382272035;698220757;0.005436254146029557;0.010215882089027455;8;15;40;7.327699999223114;0.0;15998
2025-11-26 21:41:20;DESKTOP-J1U1KVK;3.4;87.2;8459812864;7372984320;63.9;239447568384;153065304064;86382264320;0.48254841584033864;0.0551751095631395;0.0;0.0;382272594;698221043;0.002190429088591904;0.004281293218611449;4;7;40;15.515600000071572;0.0;15999
2025-11-26 21:41:21;DESKTOP-J1U1KVK;3.5;87.2;8459812864;7375323136;63.9;239447568384;153065304064;86382264320;0.3087680819295347;0.05283977592544121;0.0;0.0;382272950;698223462;0.018221635423789916;0.0026816462219384912;10;6;40;5.940900000496185;0.0;16000
2025-11-26 21:41:22;DESKTOP-J1U1KVK;5.0;86.7;8459812864;7337435136;63.9;239447568384;153065304064;86382264320;0.1597235792534571;0.12257856082242055;0.0;0.0;382273516;698224248;0.00597959861374521;0.00430591961244248;11;9;37;8.022100000744103;0.0;16001
2025-11-26 21:41:25;DESKTOP-J1U1KVK;9.8;86.9;8459812864;7348236288;63.9;239447568384;153065304064;86382264320;0.3900875238948416;0.07429324397012976;0.0;0.0;382429473;698236593;0.03880988825336008;0.49029353927333147;97;37;38;17.348299999866867;0.0;16004
2025-11-26 21:43:04;DESKTOP-J1U1KVK;32.0;82.3;8459812864;6964867072;63.9;239447568384;153067888640;86379679744;28.544026292480527;0.0;0.0;0;415665717;699725525;0.0;0.0;0;0;47;22.452200000770972;0.0;16103
2025-11-26 21:43:05;DESKTOP-J1U1KVK;8.9;82.3;8459812864;6959984640;63.9;239447568384;153067888640;86379679744;2.466043453368973;0.007079974027257055;0.0;0.0;415682230;699740610;0.10948994181377804;0.11985465092283175;33;36;48;17.254799999136594;0.0;16104
2025-11-26 21:43:06;DESKTOP-J1U1KVK;8.4;82.3;8459812864;6966308864;63.9;239447568384;153067892736;86379675648;0.1719254290204791;0.0;0.0;0;415683092;699741617;0.007560514144993228;0.006471860171781691;13;12;48;6.33899999957066;0.0;16105
2025-11-26 21:43:07;DESKTOP-J1U1KVK;9.3;82.2;8459812864;6958108672;63.9;239447568384;153067892736;86379675648;0.38215459896782517;0.4234310058951752;0.0;0.0;415683606;699742425;0.006133075789689622;0.003901486331559982;8;8;48;7.592800000566058;0.0;16106
2025-11-26 21:43:08;DESKTOP-J1U1KVK;5.5;82.2;8459812864;6952939520;63.9;239447568384;153067892736;86379675648;0.05950132369018044;0.008367373643931626;0.0;0.0;415683908;699742625;0.0015205407955406766;0.0022960166012664217;3;5;48;7.3313000011694385;0.0;16107
2025-11-26 21:43:09;DESKTOP-J1U1KVK;9.8;82.1;8459812864;6947749888;63.9;239447568384;153067892736;86379675648;1.6677738906344988;0.1941103500488486;0.0;0.0;415684694;699743107;0.0036675656133729286;0.005980719029276186;7;12;48;7.541299999502371;0.0;16108
2025-11-26 21:43:10;DESKTOP-J1U1KVK;4.4;82.2;8459812864;6950326272;63.9;239447568384;153067892736;86379675648;0.1778896031355314;0.008801829321810149;0.0;0.0;415685676;699746254;0.02385064132705544;0.0074424308176575926;17;14;48;11.469099999885657;0.0;16109
2025-11-26 21:43:12;DESKTOP-J1U1KVK;4.7;82.1;8459812864;6944481280;63.9;239447568384;153067892736;86379675648;0.6097550303770637;0.0;0.0;0;415686620;699747261;0.0076370244385636655;0.007159236415098412;7;10;48;7.067599999572849;0.0;16110
2025-11-26 21:43:13;DESKTOP-J1U1KVK;6.7;82.1;8459812864;6946189312;63.9;239447568384;153067892736;86379675648;0.6441033457133125;0.020477273996666004;0.0;0.0;415687093;699747461;0.0015247776850318;0.003606099225100206;3;6;48;56.120999999620835;0.0;16111
2025-11-26 21:43:14;DESKTOP-J1U1KVK;5.6;82.1;8459812864;6942883840;63.9;239447568384;153067892736;86379675648;0.7909383325543619;0.008710774587603104;0.0;0.0;415687620;699748308;0.006040741484967313;0.0037585251033976077;11;7;48;7.211299998743925;0.0;16112
2025-11-26 21:43:15;DESKTOP-J1U1KVK;8.2;82.1;8459812864;6944284672;63.9;239447568384;153067892736;86379675648;0.5734794362203215;0.09480910034287572;0.0;0.0;415688024;699748680;0.0028173187475263677;0.003059668747313582;5;6;48;8.027400001083151;0.0;16113
2025-11-26 21:43:16;DESKTOP-J1U1KVK;7.1;82.0;8459812864;6937960448;63.9;239447568384;153067909120;86379659264;9.779550234181023;0.0;0.0;0;415688720;699755335;0.05058011323708005;0.005289821008716411;16;11;48;7.637000000613625;0.0;16114
2025-11-26 21:43:18;DESKTOP-J1U1KVK;6.7;82.1;8459812864;6947287040;63.9;239447568384;153067909120;86379659264;2.5788063397650665;0.08637059793851416;0.0;0.0;415848264;699782582;0.08415566264923874;0.4927709854923531;97;41;49;8.309900000313064;0.0;16117
2025-11-26 21:43:19;DESKTOP-J1U1KVK;11.9;82.2;8459812864;6953308160;63.9;239447568384;153067909120;86379659264;1.1256500695358538;0.011035784995449547;0.0;0.0;415849507;699784494;0.014573559508067558;0.0094743381111548;8;14;49;14.388300000064191;0.0;16118
2025-11-26 21:47:48;DESKTOP-J1U1KVK;24.9;83.1;8459812864;7028170752;63.9;239447568384;153070870528;86376697856;0.0;0.0;0;0;422324636;701663923;0.0;0.0;0;0;41;15.80380000086734;0.0;16387
2025-11-26 21:47:49;DESKTOP-J1U1KVK;15.5;83.1;8459812864;7031853056;63.9;239447568384;153070870528;86376697856;2.112207601742545;0.1451033373465992;0.0;0.0;422359885;701677314;0.0974664881615016;0.25656009567655663;63;62;46;14.414000001124805;0.0;16388
2025-11-26 21:47:50;DESKTOP-J1U1KVK;13.6;83.2;8459812864;7036313600;63.9;239447568384;153070870528;86376697856;0.5913101031979828;0.13221840816849306;0.0;0.0;422415290;701715482;0.2875882439034157;0.416657775573159;104;105;46;7.041400000161957;0.0;16389
2025-11-26 21:47:51;DESKTOP-J1U1KVK;8.1;83.1;8459812864;7033241600;63.9;239447568384;153070870528;86376697856;1.3492843734697881;0.055755552622718516;0.0;0.0;422424435;701717749;0.01670946896577597;0.06967993328409541;20;31;46;6.308699998044176;0.0;16390
2025-11-26 21:47:52;DESKTOP-J1U1KVK;5.8;83.2;8459812864;7035584512;63.9;239447568384;153070874624;86376693760;0.5530146803257803;0.382749254420108;0.0;0.0;422444793;701721900;0.03158333132811909;0.15489603931049106;20;18;46;6.216600002517225;0.0;16391
2025-11-26 21:47:53;DESKTOP-J1U1KVK;5.5;83.0;8459812864;7020232704;63.9;239447568384;153070874624;86376693760;0.2199185532602596;0.18683758444356802;0.0;0.0;422445361;701722442;0.004135607879520633;0.004333994973372177;6;8;46;7.092299998475937;0.0;16392
2025-11-26 21:47:54;DESKTOP-J1U1KVK;6.1;82.9;8459812864;7012024320;63.9;239447568384;153070874624;86376693760;0.14830979043943612;0.006488553331725331;0.0;0.0;422445663;701722642;0.0015200285613343367;0.003541666547909005;3;7;46;6.307700001343619;0.0;16393
2025-11-26 21:47:55;DESKTOP-J1U1KVK;9.1;82.9;8459812864;7014432768;63.9;239447568384;153070874624;86376693760;0.2849781297865378;0.07031927877849635;0.0;0.0;422446510;701723421;0.005898266636492291;0.005171394239697349;9;9;46;17.39829999860376;0.0;16394
2025-11-26 21:47:56;DESKTOP-J1U1KVK;5.9;82.9;8459812864;7014514688;63.9;239447568384;153070874624;86376693760;0.3750004941182086;0.09650748010395074;0.0;0.0;422447202;701724511;0.008215812820405169;0.005215910524514107;12;10;43;7.264600000780774;0.0;16395
2025-11-26 21:47:57;DESKTOP-J1U1KVK;6.1;82.9;8459812864;7013830656;63.9;239447568384;153070874624;86376693760;0.20037034852272206;0.061224273159720635;0.0;0.0;422447504;701724877;0.002781307976567377;0.002294959040774175;4;5;43;12.05130000016652;0.0;16396
2025-11-26 21:47:59;DESKTOP-J1U1KVK;2.8;82.9;8459812864;7016861696;63.9;239447568384;153070874624;86376693760;0.17343169335958902;0.005535054043391139;0.0;0.0;422450442;701726122;0.009405275887631789;0.02219494020711823;10;12;43;22.939400001632748;0.0;16397
2025-11-26 21:48:00;DESKTOP-J1U1KVK;7.2;83.0;8459812864;7018672128;63.9;239447568384;153070874624;86376693760;0.7957665419451447;0.023377934123964505;0.0;0.0;422451247;701727578;0.010940877930320949;0.006049043086475524;10;12;43;7.160299999668496;0.0;16398
2025-11-26 21:48:02;DESKTOP-J1U1KVK;8.7;83.0;8459812864;7017644032;63.9;239447568384;153070874624;86376693760;0.4136555971004807;0.0;0.0;0;422614507;701740395;0.04021761977785955;0.5122827966710892;73;42;44;6.797099998948397;0.0;16401
2025-11-26 21:48:03;DESKTOP-J1U1KVK;6.3;82.9;8459812864;7015280640;63.9;239447568384;153070874624;86376693760;0.3914316474275465;0.009785791185688663;0.0;0.0;422614977;701742181;0.013388472701190063;0.0035232822897868585;5;7;44;18.512499998905696;0.0;16402
2025-11-26 21:55:37;DESKTOP-J1U1KVK;45.7;87.3;8459812864;7388127232;61.2;239447568384;146613522432;92834045952;30.174078568810707;0.0;0.0;0;12335994;41717214;0.0;0.0;0;0;50;15.338099999951282;0.0;344
2025-11-26 21:55:38;DESKTOP-J1U1KVK;11.0;87.2;8459812864;7380295680;61.2;239447568384;146613456896;92834111488;2.8283138898628426;0.7837871903886953;0.0;0.0;12340538;41725160;0.059277491981684055;0.03725428252707394;66;30;51;6.3346000000024105;0.0;345
2025-11-26 21:55:39;DESKTOP-J1U1KVK;10.3;87.2;8459812864;7375986688;61.2;239447568384;146613460992;92834107392;1.7973616265568357;0.42529777708916294;0.0;0.0;12345748;41736369;0.08463908056052433;0.03570519823935288;62;23;50;24.279100000001108;0.0;346
2025-11-26 21:55:40;DESKTOP-J1U1KVK;4.9;87.2;8459812864;7378436096;61.2;239447568384;146613460992;92834107392;5.089104284841417;0.0;0.0;0;12347086;41742051;0.042579563158561054;0.010026655316113109;56;21;50;7.348199999967164;0.0;347
2025-11-26 21:55:41;DESKTOP-J1U1KVK;9.8;87.3;8459812864;7382986752;61.2;239447568384;146613460992;92834107392;5.947951088067288;0.2909526953412312;0.007518796992481203;0.0;12349096;41748490;0.0520527788385536;0.016212909644125962;70;29;49;7.294899999976678;0.0;348
2025-11-26 21:55:42;DESKTOP-J1U1KVK;4.4;87.2;8459812864;7380631552;61.2;239447568384;146613460992;92834107392;0.48515976009353484;0.8019131034622946;0.0;0.0;12350154;41755746;0.05272834283211573;0.007264963841988389;68;17;49;9.318199999995613;0.0;349
2025-11-26 21:55:43;DESKTOP-J1U1KVK;4.3;87.2;8459812864;7379431424;61.2;239447568384;146613526528;92834041856;0.13312974225892588;0.19414754079426688;0.0;0.0;12354029;41762128;0.04814135393786325;0.02923029559843624;62;22;49;7.771699999977955;0.0;350
2025-11-26 21:55:44;DESKTOP-J1U1KVK;11.4;87.3;8459812864;7385989120;61.2;239447568384;146613530624;92834037760;0.0;0.14790982356937502;0;0.0;12354892;41767304;0.03935373503136183;0.006561490210986332;53;15;49;6.881600000042454;0.0;351
2025-11-26 21:55:45;DESKTOP-J1U1KVK;14.5;85.9;8459812864;7269982208;61.2;239447568384;146613530624;92834037760;1.7588852530216343;0.2574317814944639;0.0;0.0;12358865;41772624;0.0404304090634045;0.030193611881373324;55;18;49;7.1731000000454515;0.0;352
2025-11-26 21:55:46;DESKTOP-J1U1KVK;10.4;85.7;8459812864;7249113088;61.2;239447568384;146613530624;92834037760;0.47955829514900916;0.1431656959176554;0.0;0.0;12360342;41778350;0.043882346111465624;0.011733124676327956;58;20;49;17.413000000033207;0.0;353
2025-11-26 21:55:47;DESKTOP-J1U1KVK;3.0;85.7;8459812864;7247912960;61.2;239447568384;146613530624;92834037760;1.5745208927793308;0.5047728744498443;0.0;0.0;12361238;41784009;0.0443134950277725;0.006387940902822195;59;15;49;22.776200000009794;0.0;354
2025-11-26 21:55:48;DESKTOP-J1U1KVK;7.1;85.6;8459812864;7238844416;61.2;239447568384;146613530624;92834037760;0.03936936270811267;0.0;0.0;0;12362134;41790463;0.04597701992013817;0.006568145702876881;50;16;49;31.53509999998505;0.0;355
2025-11-26 21:55:51;DESKTOP-J1U1KVK;5.4;85.7;8459812864;7247192064;61.2;239447568384;146613465088;92834103296;2.331417652962086;0.10213299156743506;0.0;0.0;12538307;42345881;1.6898897914332252;0.536016035177408;364;149;51;5.425300000013067;0.0;358
2025-11-26 21:55:52;DESKTOP-J1U1KVK;8.4;85.7;8459812864;7249752064;61.2;239447568384;146613465088;92834103296;2.2163105723584806;0.07288036452106303;0.0;0.0;12539981;42351786;0.04520244985030203;0.01281437782377741;60;21;50;23.07580000001508;0.0;359
2025-11-26 22:05:02;DESKTOP-J1U1KVK;22.7;84.9;8459812864;7180099584;61.2;239447568384;146595491840;92852076544;36.97699734946441;0.0;0.0;0;29100269;51397644;0.0;0.0;0;0;36;15.578200000049947;0.0;909
2025-11-26 22:05:03;DESKTOP-J1U1KVK;8.3;84.6;8459812864;7160311808;61.2;239447568384;146595491840;92852076544;1.7600491750730505;0.059389463608153066;0.0;0.0;29118562;51413133;0.10799126845729251;0.12754111136220878;37;35;37;5.6257999999616;0.0;910
2025-11-26 22:05:04;DESKTOP-J1U1KVK;15.5;84.6;8459812864;7154843648;61.2;239447568384;146595844096;92851724288;7.155170334902956;16.0596308962987;0.0;0.0;29118967;51413484;0.0026802483735005778;0.003092594277116051;4;6;37;6.110499999977037;0.0;911
2025-11-26 22:05:05;DESKTOP-J1U1KVK;4.2;84.6;8459812864;7161049088;61.2;239447568384;146595844096;92851724288;8.129033378917175;0.37529190176624383;0.0;0.0;29119323;51413940;0.0034247732777560615;0.0026737265063183284;5;6;37;7.2170000000824075;0.0;912
2025-11-26 22:05:06;DESKTOP-J1U1KVK;10.3;84.6;8459812864;7157088256;61.2;239447568384;146595844096;92851724288;50.40022307838807;0.0;0.00016377333770062233;0;29124782;51414394;0.0034720114484605943;0.04174826100693036;7;27;37;17.241200000057688;0.0;913
2025-11-26 22:05:07;DESKTOP-J1U1KVK;13.0;84.7;8459812864;7163101184;61.2;239447568384;146596007936;92851560448;39.90680774459041;0.15451050333096242;0.0;0.0;29139591;51418239;0.02894834320613639;0.11149441210394637;21;55;37;6.823300000064592;0.0;914
2025-11-26 22:05:08;DESKTOP-J1U1KVK;10.3;84.8;8459812864;7172583424;61.2;239447568384;146596007936;92851560448;57.57745298005284;0.044072661615542824;0.00038402457757296467;0.0;29140337;51418777;0.004073184064008072;0.005647946676115282;6;8;37;6.440499999939675;0.0;915
2025-11-26 22:05:09;DESKTOP-J1U1KVK;8.1;85.1;8459812864;7195283456;61.2;239447568384;146596007936;92851560448;4.155140949915622;0.10984589014277775;0.0;0.0;29141868;51420168;0.010603296912608834;0.01167048711229628;7;10;37;6.578800000056617;0.0;916
2025-11-26 22:05:10;DESKTOP-J1U1KVK;4.8;85.0;8459812864;7191973888;61.2;239447568384;146596007936;92851560448;3.3908189473586163;0.044911509236537965;0.0;0.0;29143069;51421906;0.013323727676959501;0.009207017802087665;14;14;38;7.319199999983539;0.0;917
2025-11-26 22:05:11;DESKTOP-J1U1KVK;8.0;85.2;8459812864;7205912576;61.2;239447568384;146596012032;92851556352;12.231884149258075;0.09276065786416468;0.0;0.0;29149771;51427898;0.045449994387014386;0.0508354242960231;17;21;37;7.4792999999999665;0.0;918
2025-11-26 22:05:12;DESKTOP-J1U1KVK;23.8;85.8;8459812864;7257616384;61.2;239447568384;146596470784;92851097600;23.469777197129666;0.5799319759933796;0.0;0.0;29158524;51460024;0.24494707544678862;0.06673789925249769;46;20;38;6.94189999990158;0.0;919
2025-11-26 22:05:13;DESKTOP-J1U1KVK;29.2;86.3;8459812864;7296790528;61.2;239447568384;146596610048;92850958336;37.17241079675925;0.6184507053151849;0.0010454783063251437;0.0;29168477;51486661;0.20267852642050044;0.075731477773895;37;39;41;7.648800000083611;0.0;920
2025-11-26 22:07:50;DESKTOP-J1U1KVK;23.6;85.0;8459812864;7191105536;61.2;239447568384;146599854080;92847714304;358.5771659084094;46077.16581923061;0.0;0.0;37528953;54128631;0.0;0.0;0;0;47;17.5651999998081;0.0;1078
2025-11-26 22:07:51;DESKTOP-J1U1KVK;10.9;85.0;8459812864;7187587072;61.2;239447568384;146599854080;92847714304;0.25704796260683294;0.23351540264986936;0.0;0.0;37537308;54135957;0.054460065452809875;0.06210945220560012;21;26;48;7.929200000035053;0.0;1079
2025-11-26 22:07:52;DESKTOP-J1U1KVK;10.2;85.0;8459812864;7190208512;61.2;239447568384;146599854080;92847714304;0.033483970125227656;0.07952442904741569;0.0;0.0;37547154;54145172;0.07021090796741493;0.0750186217956774;25;26;48;7.55580000009104;0.0;1080
2025-11-26 22:07:53;DESKTOP-J1U1KVK;3.9;85.0;8459812864;7188660224;61.2;239447568384;146599854080;92847714304;0.0;0.12997479956489744;0;0.0;37548447;54146253;0.00822530487271327;0.009838408140997464;11;14;48;7.312000000183616;0.0;1081
2025-11-26 22:07:54;DESKTOP-J1U1KVK;3.4;84.8;8459812864;7172595712;61.2;239447568384;146599854080;92847714304;0.3165332744306417;0.005585881313481912;0.0;0.0;37552196;54155056;0.06711122228972892;0.028581162372395063;30;13;48;6.572500000174841;0.0;1082
2025-11-26 22:07:56;DESKTOP-J1U1KVK;6.7;84.8;8459812864;7171616768;61.2;239447568384;146599919616;92847648768;0.2373944496797843;0.02550135689919558;0.0;0.0;37552698;54156132;0.00817102036755858;0.0038121303201806753;6;7;48;18.722100000104547;0.0;1083
2025-11-26 22:07:57;DESKTOP-J1U1KVK;5.1;84.8;8459812864;7170486272;61.2;239447568384;146599919616;92847648768;0.0;0.21850511888543678;0;0.0;37553102;54156808;0.005076448993891286;0.0030338541324439043;6;6;48;21.75319999992098;0.0;1084
2025-11-26 22:07:58;DESKTOP-J1U1KVK;11.1;84.7;8459812864;7165435904;61.2;239447568384;146599927808;92847640576;0.05861621283181211;0.014654053207953028;0.0;0.0;37553478;54157473;0.00499067391264955;0.002821794573167264;5;6;48;7.958000000144239;0.0;1085
2025-11-26 22:07:59;DESKTOP-J1U1KVK;6.3;84.7;8459812864;7163293696;61.2;239447568384;146599927808;92847640576;0.014879655725239072;0.014414666483825351;0.0;0.0;37554401;54160032;0.01948714502378524;0.007028774856175762;10;10;48;8.649099999956888;0.0;1086
2025-11-26 22:08:00;DESKTOP-J1U1KVK;5.0;84.7;8459812864;7165382656;61.2;239447568384;146599927808;92847640576;0.22260314468077766;0.06121586478721386;0.0;0.0;37554811;54160998;0.0073359332483233335;0.003113594856948827;7;7;48;18.18789999992987;0.0;1087
2025-11-26 22:08:01;DESKTOP-J1U1KVK;7.4;84.7;8459812864;7163863040;61.2;239447568384;146599927808;92847640576;0.0;0.0068843500856280646;0;0.0;37555615;54162323;0.00996921112597956;0.006049242071915144;9;12;48;6.141200000001845;0.0;1088
2025-11-26 22:08:02;DESKTOP-J1U1KVK;12.1;84.7;8459812864;7161544704;61.2;239447568384;146599927808;92847640576;0.1522916358022328;0.010678986656863884;0.0;0.0;37555971;54163337;0.007709505967215645;0.002706690457917919;6;6;48;7.572200000140583;0.0;1089
2025-11-26 22:24:58;DESKTOP-J1U1KVK;33.4;85.1;8459812864;7202992128;61.2;239447568384;146623004672;92824563712;83.37473320974155;0.0;0.0;0;79738664;61676876;0.0;0.0;0;0;28;16.855000000305154;0.0;2106
2025-11-26 22:24:59;DESKTOP-J1U1KVK;6.8;85.0;8459812864;7192035328;61.2;239447568384;146623004672;92824563712;6.865468241574648;0.2953886586670165;0.0;0.0;79755907;61690898;0.10163493293107967;0.1249815396185;30;30;26;5.821999999625405;0.0;2107
2025-11-26 22:25:00;DESKTOP-J1U1KVK;8.8;85.0;8459812864;7193952256;61.2;239447568384;146623008768;92824559616;5.744267330600413;0.21266465422479905;0.004405286343612335;0.0;79756605;61699157;0.06280897334060223;0.005308229009776045;27;8;26;7.208300000002055;0.0;2108
2025-11-26 22:25:01;DESKTOP-J1U1KVK;5.6;84.9;8459812864;7180087296;61.2;239447568384;146623008768;92824559616;7.225886699247344;0.36393693435834495;0.0;0.0;79757095;61699979;0.0062513641586910045;0.003726482284377849;8;7;26;6.1826000001019565;0.0;2109
2025-11-26 22:25:02;DESKTOP-J1U1KVK;6.3;84.9;8459812864;7180460032;61.2;239447568384;146623008768;92824559616;1.0928553107954067;0.043508366397248636;0.0;0.0;79757855;61700529;0.004215920273115287;0.005825635286486578;8;11;26;7.749100000182807;0.0;2110
2025-11-26 22:25:03;DESKTOP-J1U1KVK;4.3;85.0;8459812864;7190638592;61.2;239447568384;146623008768;92824559616;19.08754739104838;0.4059595445120533;0.0;0.0;79758302;61700940;0.0031350544858740263;0.003409657798505328;5;7;26;8.062999999765452;0.0;2111
2025-11-26 22:25:04;DESKTOP-J1U1KVK;3.7;85.0;8459812864;7191228416;61.2;239447568384;146623008768;92824559616;0.31801322695575174;0.008885663694351887;0.0;0.0;79758604;61701270;0.002517067913352832;0.0023034985146441066;4;5;26;7.376699999895209;0.0;2112
2025-11-26 22:25:05;DESKTOP-J1U1KVK;10.6;85.0;8459812864;7190888448;61.2;239447568384;146623008768;92824559616;1.9106786250844023;0.01113016674806448;0.0;0.0;79759419;61701470;0.0015266067034637742;0.00622092231661488;3;8;26;8.001700000022538;0.0;2113
2025-11-26 22:25:06;DESKTOP-J1U1KVK;7.2;85.1;8459812864;7196360704;61.2;239447568384;146623008768;92824559616;0.48548438741503597;0.05512656689159282;0.0;0.0;79768881;61710712;0.07013788617411025;0.07180747446217606;24;21;26;6.297400000221387;0.0;2114
2025-11-26 22:25:07;DESKTOP-J1U1KVK;2.6;85.0;8459812864;7195021312;61.2;239447568384;146623008768;92824559616;0.05949375101435996;0.0;0.0;0;79769558;61711256;0.004142473681204345;0.005155247577528202;7;8;26;9.85579999996844;0.0;2115
2025-11-26 22:25:08;DESKTOP-J1U1KVK;4.4;85.1;8459812864;7197585408;61.2;239447568384;146623008768;92824559616;2.925703747585112;0.06577235784590255;0.0;0.0;79769914;61713437;0.016672473238331993;0.002721412413042728;10;6;26;7.277499999872816;0.0;2116
2025-11-26 22:25:10;DESKTOP-J1U1KVK;8.0;85.1;8459812864;7196798976;61.2;239447568384;146623008768;92824559616;1.123362337091091;0.013484067787931143;0.0;0.0;79770372;61714359;0.007021548041912916;0.0034879273353537036;9;7;26;10.618100000101549;0.0;2117
2025-11-26 22:28:18;DESKTOP-J1U1KVK;26.5;87.9;8459812864;7434829824;61.2;239447568384;146621399040;92826169344;44.47681038200504;0.0;0.0;0;85957422;65782463;0.0;0.0;0;0;47;16.335799999978917;0.0;2306
2025-11-26 22:28:19;DESKTOP-J1U1KVK;8.5;87.7;8459812864;7423176704;61.2;239447568384;146621399040;92826169344;2.8467543700946454;0.08304315109552214;0.0;0.0;85974918;65816850;0.24828938670640238;0.126328877477396;204;52;48;13.109800000165706;0.0;2307
2025-11-26 22:28:21;DESKTOP-J1U1KVK;5.3;87.8;8459812864;7424372736;61.2;239447568384;146621407232;92826161152;2.9806983994990484;0.09846289688171483;0.0;0.0;85979575;65843291;0.20181885332469499;0.03526321239384327;190;38;48;7.65289999981178;0.0;2308
2025-11-26 22:28:22;DESKTOP-J1U1KVK;9.1;87.7;8459812864;7418167296;61.2;239447568384;146621407232;92826161152;1.0819640135586728;0.018590446968362078;0.0;0.0;85981171;65865595;0.1730692418432228;0.012532443124783537;194;29;48;6.478499999957421;0.0;2309
2025-11-26 22:28:23;DESKTOP-J1U1KVK;5.0;87.7;8459812864;7422636032;61.2;239447568384;146621407232;92826161152;2.180468245345191;0.018509917193083116;0.0;0.0;85982890;65885552;0.14641027197681822;0.012654991581861721;181;26;48;6.765699999959907;0.0;2310
2025-11-26 22:28:24;DESKTOP-J1U1KVK;4.5;87.7;8459812864;7422361600;61.2;239447568384;146621407232;92826161152;3.318888029549482;0.0;0.0;0;85983948;65903138;0.13361135476187205;0.008038258463440274;165;19;48;7.499000000279921;0.0;2311
2025-11-26 22:28:25;DESKTOP-J1U1KVK;3.4;87.5;8459812864;7404060672;61.2;239447568384;146621345792;92826222592;0.5669154846130524;0.12644438504849942;0.0;0.0;85986471;65945202;0.31912689237158837;0.019141240715422156;275;43;48;6.914499999766122;0.0;2312
2025-11-26 22:28:26;DESKTOP-J1U1KVK;9.6;87.4;8459812864;7396188160;61.2;239447568384;146621345792;92826222592;0.466196814868743;0.004097432943182312;0.0;0.0;85987399;65955438;0.07636688783670256;0.006923453684296598;94;16;48;9.408599999915168;0.0;2313
2025-11-26 22:28:27;DESKTOP-J1U1KVK;3.7;87.5;8459812864;7406186496;61.2;239447568384;146621345792;92826222592;0.43705386736574175;0.012607323097088704;0.0;0.0;85996701;65986393;0.23684623042543868;0.07117246439726799;235;33;48;7.316199999877426;0.0;2314
2025-11-26 22:28:28;DESKTOP-J1U1KVK;6.0;87.5;8459812864;7404961792;61.2;239447568384;146621341696;92826226688;0.2645273218959989;0.018628684640563307;0.0;0.0;85998096;66004347;0.13695978494091174;0.010641578477919788;168;20;48;7.032799999706185;0.0;2315
2025-11-26 22:28:29;DESKTOP-J1U1KVK;3.0;87.5;8459812864;7402233856;61.2;239447568384;146621341696;92826226688;0.43102201848336724;0.35856573089349086;0.0;0.0;85999735;66022175;0.13564266208238973;0.012470177426129502;166;25;48;7.372300000042742;0.0;2316
2025-11-26 22:28:30;DESKTOP-J1U1KVK;4.0;87.5;8459812864;7404974080;61.2;239447568384;146621341696;92826226688;0.1556543626389956;0.07180483990787;0.0;0.0;86001144;66040170;0.1366305886997786;0.010698110557265243;167;25;48;6.606200000078388;0.0;2317
2025-11-26 22:28:33;DESKTOP-J1U1KVK;7.7;87.6;8459812864;7409188864;61.2;239447568384;146622390272;92825178112;1.643907751380315;0.03276829600055243;0.0;0.0;86182150;66098803;0.18194142246752948;0.5616715691702223;504;77;49;7.221599999866157;0.0;2320
2025-11-26 22:30:34;DESKTOP-J1U1KVK;32.8;86.7;8459812864;7333924864;61.2;239447568384;146623021056;92824547328;51.075444576243925;0.0;0.0;0;88287280;67425682;0.0;0.0;0;0;38;19.70240000036938;0.0;2442
2025-11-26 22:30:35;DESKTOP-J1U1KVK;12.0;86.2;8459812864;7294267392;61.2;239447568384;146622889984;92824678400;12.466713408439201;0.1618664400230144;0.0;0.0;88308061;67443553;0.12572544650218412;0.1461977787343679;65;43;39;21.822500000325817;0.0;2443
2025-11-26 22:30:37;DESKTOP-J1U1KVK;12.9;86.3;8459812864;7299391488;61.2;239447568384;146622955520;92824612864;2.636413273537746;0.07354011920607381;0.0;0.0;88309567;67448698;0.03871997919883683;0.011333778167822793;50;22;39;13.410799999746814;0.0;2444
2025-11-26 22:30:38;DESKTOP-J1U1KVK;7.2;86.3;8459812864;7297605632;61.2;239447568384;146622955520;92824612864;2.4655633181848975;0.011551552277852782;0.0;0.0;88310682;67452766;0.03081830147256622;0.008447002493095214;43;17;39;10.602700000163168;0.0;2445
2025-11-26 22:30:39;DESKTOP-J1U1KVK;21.7;86.9;8459812864;7348273152;61.2;239447568384;146622955520;92824612864;49.60760598995143;0.0;0.0005506607929515419;0;88311524;67456808;0.02931459722979818;0.006106603381368151;43;15;39;7.050100000014936;0.0;2446
2025-11-26 22:30:40;DESKTOP-J1U1KVK;46.4;87.5;8459812864;7402176512;61.2;239447568384;146622955520;92824612864;48.725426150668056;0.060992826139496144;0.0;0.0;88312714;67461168;0.03262336974344292;0.009308135770835547;47;19;39;15.54519999990589;0.0;2447
2025-11-26 22:30:41;DESKTOP-J1U1KVK;13.5;87.6;8459812864;7408775168;61.2;239447568384;146622955520;92824612864;2.3126373495629644;0.06218005221888074;0.0;0.0;88313826;67468500;0.05675863191603996;0.008399733655927128;66;20;38;6.1126999999032705;0.0;2448
2025-11-26 22:30:42;DESKTOP-J1U1KVK;6.1;87.6;8459812864;7410024448;61.2;239447568384;146622955520;92824612864;0.9756774344339653;0.036634276292910294;0.0;0.0;88314722;67480650;0.09095329011249866;0.006398953064398718;63;15;38;6.537300000218238;0.0;2449
2025-11-26 22:30:43;DESKTOP-J1U1KVK;7.4;87.8;8459812864;7423578112;61.2;239447568384;146622955520;92824612864;5.583811625677335;0.13345541478797282;0.0026109660574412533;0.0;88316202;67494090;0.10201260470479681;0.011233530875230602;60;24;37;55.380999999670166;0.0;2450
2025-11-26 22:30:44;DESKTOP-J1U1KVK;9.3;87.9;8459812864;7434297344;61.2;239447568384;146622955520;92824612864;18.904735290962105;0.3651828824746043;0.0;0.0;88317260;67502020;0.05650445150689615;0.007538677136733433;56;19;36;8.215699999709614;0.0;2451
2025-11-26 22:30:45;DESKTOP-J1U1KVK;5.0;88.1;8459812864;7449419776;61.2;239447568384;146622980096;92824588288;1.6870585431940093;0.13294503072396505;0.0;0.0;88318192;67506786;0.036176776612006856;0.007074434704655978;50;16;36;13.476800000262301;0.0;2452
2025-11-26 22:30:46;DESKTOP-J1U1KVK;2.9;88.1;8459812864;7451213824;61.2;239447568384;146622980096;92824588288;2.6401663426334756;0.2235476040812213;0.0;0.0;88319484;67515014;0.062118196137574376;0.009754096914164572;56;19;36;6.44300000021758;0.0;2453
2025-11-26 22:30:49;DESKTOP-J1U1KVK;5.0;88.0;8459812864;7448313856;61.2;239447568384;146622980096;92824588288;1.4742909270278706;0.05168979065971037;0.0;0.0;88503399;67543048;0.08662896696640199;0.5683229813664058;220;67;37;6.757900000138761;0.0;2456
2025-11-26 22:30:50;DESKTOP-J1U1KVK;4.1;87.5;8459812864;7402528768;61.2;239447568384;146622980096;92824588288;1.2369484039208718;0.01996575877199605;0.0;0.0;88505138;67552498;0.0776992761656973;0.013650284358719896;71;28;37;9.371900000132882;0.0;2457
2025-11-26 22:33:06;DESKTOP-J1U1KVK;27.5;84.1;8459812864;7112273920;61.2;239447568384;146620239872;92827328512;0.0;149.86850248250272;0;0.0;90640365;68958692;0.0;0.0;0;0;31;15.964700000040466;0.0;2594
2025-11-26 22:33:07;DESKTOP-J1U1KVK;8.5;84.0;8459812864;7107895296;61.2;239447568384;146620239872;92827328512;3.3851826872670143;0.0;0.0;0;90646526;68965559;0.05085812909370775;0.045629377216591445;64;32;33;6.494100000054459;0.0;2595
2025-11-26 22:33:08;DESKTOP-J1U1KVK;35.6;89.5;8459812864;7572008960;61.2;239447568384;146620239872;92827328512;37.36113236914385;0.10463870223881407;0.0;0.0;90658776;68985441;0.15088497506051543;0.09296554393377497;88;31;31;7.97340000008262;0.0;2596
2025-11-26 22:33:09;DESKTOP-J1U1KVK;40.6;90.1;8459812864;7625568256;61.2;239447568384;146620190720;92827377664;91.37447150230454;0.027627838591706675;0.000315357931251971;0.0;90659822;68991125;0.04302473581684546;0.007917641390643975;59;17;31;7.9519999999320135;0.0;2597
2025-11-26 22:33:10;DESKTOP-J1U1KVK;33.5;85.4;8459812864;7228313600;61.2;239447568384;146620190720;92827377664;10.280174853352477;234.8276506893033;0.0;0.001072961373390558;90660827;68996497;0.04090425666583747;0.007652415850552246;54;18;31;44.1265000004023;0.0;2598
2025-11-26 22:33:12;DESKTOP-J1U1KVK;18.3;86.3;8459812864;7301865472;61.2;239447568384;146620256256;92827312128;42.892136300273286;0.0;0.0;0;90661894;69003733;0.05485142679889353;0.007889791371585252;58;17;31;6.538500000260683;0.0;2599
2025-11-26 22:33:13;DESKTOP-J1U1KVK;9.9;86.5;8459812864;7314817024;61.2;239447568384;146620256256;92827312128;3.5710890296342437;0.029130986516503605;0.0;0.0;90668377;69075524;0.5409986838423784;0.049386367583371185;80;41;32;17.987900000207446;0.0;2600
2025-11-26 22:33:14;DESKTOP-J1U1KVK;10.8;86.6;8459812864;7324389376;61.2;239447568384;146620256256;92827312128;0.8218274361499436;0.01375827181054593;0.0;0.0;90669457;69080601;0.038285807094242195;0.007737096332222276;52;19;32;12.754400000176247;0.0;2601
2025-11-26 22:33:15;DESKTOP-J1U1KVK;9.1;86.6;8459812864;7325233152;61.2;239447568384;146620256256;92827312128;0.45429826425842146;0.038901524596931754;0.0;0.0;90670428;69085551;0.036159786810657166;0.007093162220838001;51;17;32;6.411100000150327;0.0;2602
2025-11-26 22:33:16;DESKTOP-J1U1KVK;11.0;86.5;8459812864;7318839296;61.2;239447568384;146620256256;92827312128;1.632298880834262;0.16972198590492613;0.0;0.0;90674923;69101665;0.12282755292458757;0.034262743601589984;65;23;33;7.136000000173226;0.0;2603
2025-11-26 22:33:17;DESKTOP-J1U1KVK;12.2;86.8;8459812864;7340183552;61.2;239447568384;146620321792;92827246592;0.529796200694766;0.0;0.0;0;90682293;69119229;0.13330487209039743;0.05593582938432186;84;32;31;7.383800000297924;0.0;2604
2025-11-26 22:33:18;DESKTOP-J1U1KVK;18.6;86.7;8459812864;7332773888;61.2;239447568384;146620338176;92827230208;2.1148734181427096;0.22812013363534062;0.0;0.0;90707963;69127957;0.0663928759257457;0.19526868985035434;63;86;31;6.985699999859207;0.0;2605
2025-11-26 22:40:45;DESKTOP-J1U1KVK;40.2;88.3;8459812864;7471792128;61.2;239447568384;146640789504;92806778880;4713.412599514774;0.0;0.0;0;127422210;74345509;0.0;0.0;0;0;50;15.31569999997373;0.0;3053
2025-11-26 22:40:46;DESKTOP-J1U1KVK;11.0;87.4;8459812864;7397232640;61.2;239447568384;146640789504;92806778880;5.270331879955771;47.00249389414887;0.0;0.0;127438390;74359525;0.10189801038606017;0.11763055137317734;28;24;48;20.575799999733135;0.0;3054
2025-11-26 22:40:47;DESKTOP-J1U1KVK;13.0;87.7;8459812864;7418032128;61.2;239447568384;146640789504;92806778880;15.536191223877692;0.009675563929461195;0.001669449081803005;0.0;127440592;74360660;0.008570577716404017;0.016627675886803212;8;10;48;38.65619999987757;0.0;3055
2025-11-26 22:40:48;DESKTOP-J1U1KVK;3.6;87.7;8459812864;7418638336;61.2;239447568384;146640789504;92806778880;0.45869586342842134;0.0;0.0;0;127454284;74373320;0.09364710538166816;0.10128089785827808;30;27;48;21.99949999976525;0.0;3056
2025-11-26 22:40:49;DESKTOP-J1U1KVK;5.1;87.7;8459812864;7419637760;61.2;239447568384;146640789504;92806778880;1.921519661603745;0.0064050655386791505;0.0;0.0;127456905;74377170;0.02885438624612142;0.019643466584697206;16;16;48;6.996299999627809;0.0;3057
2025-11-26 22:40:50;DESKTOP-J1U1KVK;3.9;87.5;8459812864;7399444480;61.2;239447568384;146640789504;92806778880;2.8285341015594923;0.012594066745070298;0.0;0.0;127460839;74378217;0.008001574330767173;0.03006513220366577;15;17;47;6.806299999880139;0.0;3058
2025-11-26 22:40:51;DESKTOP-J1U1KVK;7.3;87.5;8459812864;7401000960;61.2;239447568384;146640723968;92806844416;1.41883593578537;0.08516759245149648;0.0;0.0;127462842;74378984;0.0058650034118530965;0.015316299653118322;7;9;47;7.6626000000032946;0.0;3059
2025-11-26 22:40:53;DESKTOP-J1U1KVK;9.7;87.7;8459812864;7416754176;61.2;239447568384;146640789504;92806778880;6.313559603648478;0.6404725127500911;0.0;0.0;127514497;74425388;0.35278625324155194;0.3927069630030248;111;71;49;6.628099999943515;0.0;3060
2025-11-26 22:40:54;DESKTOP-J1U1KVK;8.0;87.7;8459812864;7419584512;61.2;239447568384;146640789504;92806778880;0.6127581092588437;0.0;0.0;0;127515463;74433601;0.06285921206902365;0.007393400567232052;24;15;49;7.673500000237254;0.0;3061
2025-11-26 22:40:55;DESKTOP-J1U1KVK;5.8;87.7;8459812864;7417229312;61.2;239447568384;146640789504;92806778880;5.054639856185167;0.9484464867083198;0.0;0.0;127530864;74442291;0.06658346287832882;0.11800367224270912;36;38;48;6.393499999830965;0.0;3062
2025-11-26 22:40:56;DESKTOP-J1U1KVK;7.0;87.6;8459812864;7409782784;61.2;239447568384;146640789504;92806778880;6.926940223563361;0.06910244331219476;0.0;0.0;127584985;74456196;0.10563190698918858;0.41114019691922865;42;61;46;8.013900000150898;0.0;3063
2025-11-26 22:40:57;DESKTOP-J1U1KVK;9.3;87.7;8459812864;7417856000;61.2;239447568384;146640789504;92806778880;1.4934758556689267;0.13945948808401282;0.0;0.0;127629875;74468378;0.09307703276272117;0.34298374657023095;36;32;46;7.084500000019034;0.0;3064
2025-11-26 22:41:30;DESKTOP-J1U1KVK;6.0;88.2;8459812864;7464132608;61.2;239447568384;146641231872;92806336512;5.867907939878257;4.7632519461170775;0.0001948178453146308;0.0014114326040931546;128257038;74606379;0.03430335788156514;0.1525076512513631;615;553;43;7.022900000265508;0.0;3097
2025-11-26 22:41:31;DESKTOP-J1U1KVK;9.5;88.3;8459812864;7469060096;61.2;239447568384;146641231872;92806336512;0.8358657663715015;0.010216137144540574;0.0;0.0;128257815;74615017;0.04247032146192303;0.00592236894757972;23;10;42;6.341199999951641;0.0;3098
